1,com
2,net
3,org
4,googleapis.com
5,io
6,s3.amazonaws.com
7,tv
8,co
9,elb.amazonaws.com
10,de
11,uk
12,co.uk
13,appspot.com
14,ru
15,us
16,jp
17,info
18,me
19,br
20,com.br
21,fi
22,cn
23,it
24,gov
25,ly
26,fr
27,tumblr.com
28,ca
29,mobi
30,ms
31,map.fastly.net
32,to
33,fastlylb.net
34,in
35,cloudapp.net
36,eu
37,map.fastlylb.net
38,us-east-1.amazonaws.com
39,pl
40,edu
41,news
42,blogspot.com
43,tr
44,com.tr
45,global.ssl.fastly.net
46,au
47,es
48,biz
49,com.au
50,nl
51,gl
52,elasticbeanstalk.com
53,azurewebsites.net
54,link
55,mx
56,be
57,ad
58,ch
59,kr
60,s3-us-west-2.amazonaws.com
61,co.jp
62,vn
63,xyz
64,cc
65,co.kr
66,se
67,cz
68,com.mx
69,s3-eu-west-1.amazonaws.com
70,arpa
71,ar
72,club
73,com.cn
74,st
75,com.ar
76,co.in
77,herokuapp.com
78,bid
79,nz
80,ws
81,asia
82,co.nz
83,im
84,am
85,gov.br
86,rsc.cdn77.org
87,com.vn
88,tech
89,co.za
90,tk
91,at
92,dk
93,online
94,tw
95,dyndns.org
96,sg
97,pt
98,gg
99,pw
100,fm
101,ie
102,my
103,hk
104,com.tw
105,ua
106,gr
107,no
108,githubusercontent.com
109,global.prod.fastly.net
110,media
111,ir
112,pro
113,exchange
114,th
115,ro
116,github.io
117,name
118,top
119,id
120,co.th
121,la
122,li
123,eg
124,hu
125,cl
126,com.eg
127,com.sg
128,org.uk
129,ag
130,com.hk
131,lt
132,jobs
133,ph
134,com.my
135,ne.jp
136,com.co
137,co.id
138,a.ssl.fastly.net
139,site
140,su
141,pe
142,googlecode.com
143,is
144,il
145,s3-us-west-1.amazonaws.com
146,vc
147,ec
148,website
149,sk
150,gov.tr
151,co.il
152,s3-website-us-east-1.amazonaws.com
153,org.br
154,ai
155,video
156,click
157,s3.eu-central-1.amazonaws.com
158,ac.uk
159,al
160,re
161,com.ua
162,net.uk
163,gt
164,ae
165,gov.uk
166,ve
167,report
168,lu
169,dz
170,a.prod.fastly.net
171,cm
172,mil
173,bz
174,watch
175,net.br
176,men
177,email
178,md
179,nu
180,pn
181,com.pe
182,com.ec
183,bg
184,com.ph
185,s3-sa-east-1.amazonaws.com
186,sh
187,blogspot.com.br
188,do
189,tt
190,space
191,cx
192,ddns.net
193,pk
194,works
195,uy
196,si
197,xxx
198,int
199,com.pl
200,cr
201,pub
202,s3-external-1.amazonaws.com
203,org.cn
204,gdn
205,co.ve
206,kz
207,life
208,sa
209,lv
210,bo
211,rs
212,net.au
213,gob.mx
214,ovh
215,by
216,hr
217,blog.br
218,s3-ap-southeast-1.amazonaws.com
219,sx
220,hn
221,gy
222,rocks
223,guru
224,host
225,com.ve
226,org.tr
227,ml
228,services
229,ac
230,ee
231,win
232,net.cn
233,pr
234,ga
235,gc.ca
236,com.uy
237,gs
238,mt
239,cloud
240,s3-website-eu-west-1.amazonaws.com
241,cat
242,com.pk
243,edu.cn
244,as
245,tips
246,gov.cn
247,edu.tr
248,live
249,edu.au
250,com.do
251,tx.us
252,com.sa
253,tl
254,today
255,c.cdn77.org
256,gold
257,com.es
258,herokussl.com
259,sc
260,firebaseapp.com
261,or.jp
262,ad.jp
263,ma
264,or.us
265,com.pr
266,so
267,systems
268,software
269,gov.in
270,gov.au
271,gov.ar
272,com.ru
273,download
274,jo
275,net.id
276,net.co
277,network
278,no-ip.org
279,qc.ca
280,s3-website-us-west-2.amazonaws.com
281,blogspot.co.uk
282,nhs.uk
283,stream
284,edu.br
285,gov.vn
286,blogspot.ca
287,net.ua
288,work
289,rhcloud.com
290,ng
291,pa
292,ac.jp
293,ba
294,tn
295,travel
296,gouv.fr
297,org.au
298,gen.tr
299,aero
300,gob.ar
301,jus.br
302,py
303,gov.it
304,elb.amazonaws.com.cn
305,org.mt
306,edu.vn
307,com.pa
308,store
309,ca.us
310,blogspot.com.es
311,kh
312,net.vn
313,zapto.org
314,on.ca
315,net.pl
316,center
317,mn
318,blogspot.it
319,us.com
320,com.gt
321,blogspot.com.tr
322,org.ar
323,de.com
324,lk
325,k12.or.us
326,com.py
327,sinaapp.com
328,myqnapcloud.com
329,com.bo
330,fl.us
331,globo
332,pm
333,sv
334,org.mx
335,ke
336,cf
337,run
338,coop
339,bradesco
340,ge
341,vip
342,solutions
343,service.gov.uk
344,net.tr
345,uk.com
346,ninja
347,one
348,plus
349,s3-ap-northeast-1.amazonaws.com
350,mn.us
351,blogspot.mx
352,science
353,org.ec
354,edu.tw
355,blogspot.in
356,nyc
357,in.th
358,in-addr.arpa
359,eu.com
360,iq
361,cy
362,blogspot.com.ar
363,om
364,zone
365,global
366,com.sv
367,edu.ar
368,bd
369,com.ng
370,box
371,mu
372,co.cr
373,gq
374,gov.my
375,or.kr
376,date
377,digital
378,trade
379,ac.in
380,press
381,bar
382,mus.br
383,cool
384,blogspot.fr
385,lb
386,kiev.ua
387,com.cy
388,gov.co
389,qa
390,dyndns.tv
391,edu.jo
392,com.gr
393,nic.in
394,pa.us
395,xn--p1ai
396,nf
397,edu.co
398,no-ip.biz
399,oh.us
400,net.mx
401,party
402,ni
403,af
404,gov.tw
405,ps
406,ug
407,world
408,nj.us
409,net.nz
410,mg
411,ga.us
412,wiki
413,spb.ru
414,social
415,az
416,ac.kr
417,org.ua
418,gov.hk
419,wi.us
420,co.gy
421,blogspot.com.eg
422,ny.us
423,blogspot.de
424,np
425,porn
426,co.hu
427,camp
428,k12.ca.us
429,com.pt
430,uno
431,blogspot.com.au
432,edu.pl
433,cricket
434,cu
435,blogspot.co.id
436,mine.nu
437,net.il
438,ac.at
439,management
440,duckdns.org
441,go.jp
442,events
443,nc.us
444,google
445,gob.ec
446,bb
447,s3-website-sa-east-1.amazonaws.com
448,bi
449,mk
450,bloxcms.com
451,webcam
452,review
453,sytes.net
454,tc
455,mi.us
456,edu.hk
457,il.us
458,technology
459,eco.br
460,pantheonsite.io
461,com.mt
462,buzz
463,net.in
464,ind.br
465,ki
466,ac.th
467,dnsalias.com
468,blogspot.nl
469,ma.us
470,agency
471,com.ni
472,go.id
473,b.br
474,net.ae
475,hopto.org
476,edu.mx
477,ac.id
478,org.il
479,cd
480,in.ua
481,red
482,directory
483,no-ip.info
484,bc.ca
485,zw
486,com.af
487,edu.pe
488,edu.my
489,blog
490,blogspot.pt
491,go.kr
492,net.pk
493,blogspot.my
494,gob.pe
495,accountant
496,homeip.net
497,net.sa
498,gov.sg
499,help
500,net.tw
501,org.in
502,inf.br
503,me.uk
504,loan
505,s3.us-east-2.amazonaws.com
506,sm
507,moe
508,tj
509,chat
510,yt
511,co.at
512,in.us
513,ar.us
514,sn
515,va.us
516,blogspot.ru
517,com.hn
518,go.th
519,edu.sg
520,org.nz
521,com.lb
522,sch.uk
523,redirectme.net
524,tm
525,org.vn
526,gob.ve
527,bh
528,s3-eu-central-1.amazonaws.com
529,faith
530,city
531,gd
532,kg
533,k12.oh.us
534,ist
535,s3-ap-southeast-2.amazonaws.com
536,gov.pl
537,web.id
538,gh
539,s3-website-us-west-1.amazonaws.com
540,uz
541,kw
542,dyndns.biz
543,net.my
544,k12.wi.us
545,tools
546,k12.ga.us
547,dyndns.info
548,ao
549,gov.ru
550,vu
551,ac.il
552,ac.nz
553,net.ar
554,police.uk
555,va
556,org.za
557,bm
558,com.bz
559,edu.in
560,org.pl
561,ht
562,org.eg
563,bet
564,web.tr
565,k12.mn.us
566,mz
567,org.tw
568,cechire.com
569,k12.fl.us
570,ci
571,sexy
572,ac.ir
573,bn
574,vic.gov.au
575,com.gh
576,waw.pl
577,k12.ar.us
578,co.us
579,jm
580,ab.ca
581,ink
582,gratis
583,blogspot.gr
584,tf
585,sh.cn
586,k12.in.us
587,mp
588,tz
589,gov.ua
590,ac.za
591,md.us
592,org.co
593,gov.sa
594,blogspot.com.co
595,com.bh
596,msk.ru
597,azure-mobile.net
598,com.jo
599,company
600,withgoogle.com
601,edu.ec
602,ia.us
603,gov.pt
604,london
605,pics
606,k12.nc.us
607,na
608,bel.tr
609,gi
610,gov.ph
611,photo
612,b.ssl.fastly.net
613,tv.br
614,com.qa
615,wa.us
616,mo.us
617,net.lb
618,gov.za
619,edu.sa
620,gob.es
621,ne
622,gov.il
623,k12.mi.us
624,sex
625,dp.ua
626,or.id
627,cu.cc
628,games
629,govt.nz
630,eu.org
631,co.tt
632,xn--6frz82g
633,ooo
634,org.hk
635,vg
636,getmyip.com
637,adv.br
638,blogspot.pe
639,blogspot.jp
640,k12.pa.us
641,blogspot.se
642,noip.me
643,k12.tr
644,bw
645,or.th
646,s3.ap-south-1.amazonaws.com
647,co.tz
648,net.ve
649,fj
650,k12.va.us
651,uol
652,dev
653,k12.nj.us
654,gv.at
655,post
656,diamonds
657,academy
658,game
659,kim
660,srv.br
661,noip.us
662,nc
663,s3-website-ap-southeast-1.amazonaws.com
664,synology.me
665,ath.cx
666,az.us
667,serveminecraft.net
668,blogspot.sg
669,gr.jp
670,design
671,scot
672,apps.fbsbx.com
673,k12.mo.us
674,bs
675,co.ao
676,co.ug
677,edu.pk
678,cash
679,audio
680,mb.ca
681,sy
682,direct
683,coop.br
684,net.sg
685,blue
686,mo
687,group
688,cn.com
689,deals
690,edu.eg
691,lol
692,yolasite.com
693,kicks-ass.net
694,leg.br
695,expert
696,me.us
697,museum
698,k12.il.us
699,sc.us
700,dn.ua
701,gov.eg
702,org.my
703,ac.be
704,ct.us
705,la.us
706,land
707,dj
708,guide
709,med.br
710,zm
711,tube
712,pg
713,black
714,pp.ua
715,qld.gov.au
716,org.es
717,co.ma
718,ltd.uk
719,cv
720,ddns.me
721,ok.us
722,poznan.pl
723,blogspot.ro
724,com.hr
725,lc
726,com.mk
727,mm
728,vi
729,je
730,s3-website.eu-central-1.amazonaws.com
731,ns.ca
732,org.pe
733,mp.br
734,blogspot.be
735,k12.ia.us
736,shop
737,eus
738,adult
739,ky.us
740,wa.gov.au
741,pro.br
742,k12.ny.us
743,uk.net
744,ms.us
745,app
746,al.us
747,church
748,careers
749,movie
750,prod
751,art.br
752,et
753,hosting
754,od.ua
755,support
756,eti.br
757,dm
758,mc
759,co.mz
760,pf
761,edu.ve
762,asso.fr
763,com.vc
764,mil.br
765,gov.ae
766,hm
767,org.ve
768,wang
769,vic.edu.au
770,info.pl
771,nsw.edu.au
772,tur.br
773,photos
774,fed.us
775,re.kr
776,gob.cl
777,racing
778,edu.uy
779,blogspot.cl
780,nm.us
781,education
782,blogspot.ch
783,kiwi
784,s3.eu-west-2.amazonaws.com
785,fo
786,k12.ma.us
787,net.eg
788,gx.cn
789,com.mo
790,sr
791,co.bw
792,blogspot.co.nz
793,biz.vn
794,k12.me.us
795,go.cr
796,org.pk
797,mv
798,nv.us
799,dreamhosters.com
800,psi.br
801,ac.cn
802,edu.ua
803,realtor
804,blogspot.co.il
805,dvrdns.org
806,net.ph
807,football
808,ren
809,community
810,ky
811,gov.pk
812,toscana.it
813,blogspot.tw
814,wroc.pl
815,cisco
816,biz.id
817,com.ly
818,zp.ua
819,gda.pl
820,bank
821,net.hk
822,kommune.no
823,biz.tr
824,bio
825,fi.cr
826,blogspot.no
827,platform.sh
828,ut.us
829,blogspot.ie
830,org.sg
831,k12.az.us
832,love
833,ind.in
834,s3.ap-northeast-2.amazonaws.com
835,blogspot.hu
836,krakow.pl
837,gallery
838,k12.wa.us
839,tokyo
840,international
841,wtf
842,myfritz.net
843,id.au
844,ac.rs
845,k12.sc.us
846,vlog.br
847,edu.ph
848,gp
849,money
850,goo
851,market
852,ac.cr
853,de.us
854,blogspot.dk
855,lg.jp
856,br.com
857,ru.com
858,blogspot.fi
859,photography
860,bt
861,vn.ua
862,com.de
863,rw
864,com.ro
865,lombardia.it
866,sch.id
867,lat
868,servehttp.com
869,kharkov.ua
870,com.tn
871,com.al
872,wa.edu.au
873,dyndns.ws
874,reviews
875,blogspot.kr
876,codes
877,blogspot.hk
878,co.ua
879,business
880,rest
881,servegame.com
882,care
883,r.cdn77.net
884,cafe
885,marketing
886,ltd
887,blogspot.ae
888,rip
889,no-ip.net
890,co.rs
891,dynns.com
892,eng.br
893,asn.au
894,co.om
895,gov.ve
896,lviv.ua
897,ed.jp
898,info.tr
899,net.do
900,res.in
901,nh.us
902,gov.gi
903,s3-website-ap-northeast-1.amazonaws.com
904,k12.tx.us
905,3utilities.com
906,iki.fi
907,co.it
908,null
909,gob.do
910,bike
911,hopto.me
912,house
913,in.net
914,tj.cn
915,fit
916,s3-website-ap-southeast-2.amazonaws.com
917,gov.ng
918,studio
919,co.mu
920,fyi
921,farm
922,pictures
923,sk.ca
924,milano.it
925,edu.ru
926,blogspot.cz
927,team
928,gotdns.com
929,com.na
930,szczecin.pl
931,tn.us
932,serveftp.com
933,servebeer.com
934,berlin
935,gub.uy
936,com.om
937,odessa.ua
938,sd
939,loginto.me
940,nr
941,net.mk
942,army
943,gob.gt
944,k12.co.us
945,gov.ie
946,gov.tt
947,sa.gov.au
948,gob.pa
949,k12.ct.us
950,mw
951,k12.ut.us
952,net.mt
953,onl
954,wv.us
955,tv.tr
956,net.ec
957,ac.ae
958,co.com
959,ak.us
960,yahoo
961,bj
962,org.ng
963,pharmacy
964,wy.us
965,paris
966,k12.ms.us
967,org.ph
968,myds.me
969,k12.ok.us
970,k12.la.us
971,vt.us
972,desi
973,idv.tw
974,edu.ng
975,bit
976,roma.it
977,jor.br
978,co.cz
979,gift
980,katowice.pl
981,sd.us
982,blogspot.co.at
983,gm
984,wf
985,s3.dualstack.eu-west-1.amazonaws.com
986,edu.lb
987,dhl
988,com.by
989,com.la
990,org.pt
991,gov.qa
992,istanbul
993,pink
994,aws
995,org.sa
996,selfip.com
997,co.zm
998,net.pe
999,bf
1000,myvnc.com
1001,nd.us
1002,limited
1003,k12.al.us
1004,za.net
1005,id.us
1006,gov.py
1007,myftp.org
1008,wales
1009,mi.th
1010,veneto.it
1011,bnpparibas
1012,arq.br
1013,gov.gr
1014,gov.om
1015,wmflabs.org
1016,sl
1017,k12.de.us
1018,gal
1019,moscow
1020,or.at
1021,biz.ua
1022,ks.us
1023,ads
1024,sz
1025,sale
1026,hotmail
1027,med.sa
1028,org.bo
1029,coffee
1030,best
1031,dynv6.net
1032,school.nz
1033,training
1034,graphics
1035,kh.ua
1036,dnsalias.net
1037,gob.sv
1038,olsztyn.pl
1039,now.sh
1040,s3-ap-south-1.amazonaws.com
1041,net.ba
1042,lg.ua
1043,av.tr
1044,fvg.it
1045,js.org
1046,here
1047,edu.do
1048,gov.lv
1049,tg
1050,space-to-rent.com
1051,te.ua
1052,s3.dualstack.ap-northeast-1.amazonaws.com
1053,dyndns-ip.com
1054,art.pl
1055,na.it
1056,onion
1057,webhop.net
1058,webhop.org
1059,homelinux.com
1060,build
1061,how
1062,nfshost.com
1063,tel
1064,adm.br
1065,blogspot.sk
1066,quebec
1067,cnt.br
1068,garden
1069,style
1070,mi.it
1071,us.org
1072,gov.do
1073,net.om
1074,suwalki.pl
1075,better-than.tv
1076,gd.cn
1077,hi.us
1078,ls
1079,homedns.org
1080,bz.it
1081,dynalias.com
1082,my.id
1083,ln.cn
1084,show
1085,nl.ca
1086,g12.br
1087,mt.us
1088,shiksha
1089,s3.dualstack.sa-east-1.amazonaws.com
1090,applinzi.com
1091,domains
1092,mil.pl
1093,school
1094,org.qa
1095,sosnowiec.pl
1096,plc.uk
1097,opole.pl
1098,gob.bo
1099,net.qa
1100,energy
1101,if.ua
1102,maori.nz
1103,com.fr
1104,slupsk.pl
1105,ac.ru
1106,k12.ky.us
1107,org.uy
1108,place
1109,ra.it
1110,re.it
1111,vegas
1112,discount
1113,wroclaw.pl
1114,name.vn
1115,sky
1116,taxi
1117,barclays
1118,fin.ec
1119,com.et
1120,cw
1121,bible
1122,express
1123,fi.it
1124,amsterdam
1125,co.ir
1126,radom.pl
1127,tas.gov.au
1128,mk.ua
1129,grajewo.pl
1130,mom
1131,gov.cy
1132,earth
1133,fitness
1134,warszawa.pl
1135,com.cu
1136,homelinux.org
1137,s3.cn-north-1.amazonaws.com.cn
1138,emilia-romagna.it
1139,gov.cl
1140,casa
1141,biz.pl
1142,tm.fr
1143,band
1144,ustka.pl
1145,edu.gt
1146,gob.ni
1147,nom.br
1148,blogspot.com.ng
1149,beer
1150,cab
1151,to.it
1152,dating
1153,tn.it
1154,ac.cy
1155,consulting
1156,co.ni
1157,qld.edu.au
1158,law
1159,ne.us
1160,rzeszow.pl
1161,aol
1162,tokyo.jp
1163,bo.it
1164,cci.fr
1165,xin
1166,net.th
1167,torino.it
1168,dog
1169,wloclawek.pl
1170,yk.ca
1171,edu.ps
1172,pe.ca
1173,swinoujscie.pl
1174,tur.ar
1175,blogspot.co.za
1176,ks.ua
1177,xn--p1acf
1178,legal
1179,lezajsk.pl
1180,pol.tr
1181,camera
1182,cc.ca.us
1183,gotdns.org
1184,gov.ma
1185,bounceme.net
1186,js.cn
1187,zgora.pl
1188,sa.edu.au
1189,bzh
1190,blogspot.rs
1191,blogspot.bg
1192,com.ag
1193,edu.om
1194,vision
1195,net.mv
1196,sicilia.it
1197,ye
1198,blogspot.com.uy
1199,xn--tckwe
1200,vote
1201,pl.ua
1202,sap
1203,boutique
1204,abbott
1205,edu.bo
1206,ha.cn
1207,cards
1208,co.ae
1209,swiss
1210,olawa.pl
1211,bayern
1212,edu.mt
1213,you
1214,fund
1215,piemonte.it
1216,rv.ua
1217,sb
1218,czest.pl
1219,fashion
1220,film
1221,bedzin.pl
1222,institute
1223,pizza
1224,ru.net
1225,pe.kr
1226,kitchen
1227,vet
1228,sumy.ua
1229,fail
1230,k12.nm.us
1231,edu.gh
1232,myftp.biz
1233,k12.mt.us
1234,go.tz
1235,net.za
1236,etc.br
1237,edu.gr
1238,fm.br
1239,homeoffice.gov.uk
1240,co.ls
1241,gov.dz
1242,nb.ca
1243,menu
1244,bydgoszcz.pl
1245,dance
1246,zagan.pl
1247,gov.kz
1248,konin.pl
1249,pulawy.pl
1250,serveftp.net
1251,foundation
1252,blogspot.al
1253,eu.int
1254,bielawa.pl
1255,health.nz
1256,org.py
1257,ac.ug
1258,ax
1259,edu.iq
1260,cymru
1261,delivery
1262,mragowo.pl
1263,karpacz.pl
1264,spdns.de
1265,km.ua
1266,sa.com
1267,gov.af
1268,ddnsking.com
1269,net.tt
1270,wolomin.pl
1271,agr.br
1272,homelinux.net
1273,bio.br
1274,capital
1275,crimea.ua
1276,koeln
1277,net.kg
1278,ryukyu
1279,ri.us
1280,elblag.pl
1281,ventures
1282,fish
1283,mr
1284,mo.it
1285,co.pl
1286,genova.it
1287,olkusz.pl
1288,is-by.us
1289,eu-2.evennode.com
1290,ac.lk
1291,blogspot.hr
1292,edu.ni
1293,i2p
1294,aw
1295,lib.in.us
1296,spb.su
1297,office
1298,alwaysdata.net
1299,com.gi
1300,gov.lk
1301,flog.br
1302,marche.it
1303,org.rs
1304,recipes
1305,rio
1306,partners
1307,dyndns-server.com
1308,mil.ar
1309,k12.wy.us
1310,kolobrzeg.pl
1311,s3.dualstack.us-east-1.amazonaws.com
1312,k12.md.us
1313,clothing
1314,blogspot.ba
1315,com.ge
1316,com.kz
1317,edu.sv
1318,org.gt
1319,cv.ua
1320,selfip.net
1321,tuxfamily.org
1322,gov.by
1323,gov.jo
1324,uw.gov.pl
1325,keymachine.de
1326,luxury
1327,bg.it
1328,blogspot.si
1329,kobierzyce.pl
1330,com.mv
1331,gov.bh
1332,ck
1333,gov.ps
1334,parts
1335,bialystok.pl
1336,goog
1337,wien
1338,university
1339,k12.nv.us
1340,xn--80asehdb
1341,lgbt
1342,town
1343,edu.tt
1344,gob.hn
1345,ngrok.io
1346,stalowa-wola.pl
1347,ceo
1348,lib.oh.us
1349,engineering
1350,immo
1351,k12.nh.us
1352,gov.ir
1353,golf
1354,blogspot.qa
1355,co.sz
1356,net.ma
1357,org.sv
1358,ck.ua
1359,gov.lb
1360,gov.rs
1361,horse
1362,ngo
1363,ski
1364,tgory.pl
1365,xn--j1amh
1366,bologna.it
1367,mat.br
1368,uz.ua
1369,gov.mo
1370,brussels
1371,com.lk
1372,gov.mk
1373,mil.ru
1374,finance
1375,org.mz
1376,sardegna.it
1377,cg
1378,dynalias.net
1379,oz.au
1380,puglia.it
1381,podlasie.pl
1382,dyndns-remote.com
1383,properties
1384,coach
1385,k12.id.us
1386,oz
1387,shoes
1388,napoli.it
1389,nt.ca
1390,cn.ua
1391,smart
1392,appchizi.com
1393,webhop.me
1394,clinic
1395,cooking
1396,esp.br
1397,gdynia.pl
1398,hamburg
1399,dy.fi
1400,frl
1401,cam
1402,compute.amazonaws.com
1403,firenze.it
1404,selfip.biz
1405,com.ky
1406,gov.ge
1407,green
1408,imb.br
1409,nico
1410,pila.pl
1411,trieste.it
1412,futbol
1413,melbourne
1414,org.ro
1415,casino
1416,kr.ua
1417,s3-eu-west-2.amazonaws.com
1418,blogspot.lt
1419,sa.cr
1420,youtube
1421,zip
1422,co.nl
1423,dontexist.org
1424,lib.mn.us
1425,gov.gh
1426,property
1427,yoga
1428,ac.ma
1429,barcelona
1430,s3.ca-central-1.amazonaws.com
1431,mil.co
1432,moda
1433,ne.kr
1434,computer
1435,edu.cu
1436,s3-website.ap-south-1.amazonaws.com
1437,nf.ca
1438,nrw
1439,new
1440,org.ma
1441,s3-ap-northeast-2.amazonaws.com
1442,off
1443,or.cr
1444,info.ve
1445,lazio.it
1446,campania.it
1447,lib.mi.us
1448,ruhr
1449,webhop.info
1450,net.py
1451,dental
1452,restaurant
1453,am.br
1454,k12.tn.us
1455,wedding
1456,hokkaido.jp
1457,jpn.com
1458,servecounterstrike.com
1459,or.tz
1460,homeftp.net
1461,go.ug
1462,ong
1463,edu.qa
1464,org.do
1465,net.gt
1466,tv.bo
1467,gb.com
1468,mazury.pl
1469,s3-website.ap-northeast-2.amazonaws.com
1470,ostrowwlkp.pl
1471,s3-us-east-2.amazonaws.com
1472,serveftp.org
1473,aeroport.fr
1474,singles
1475,fj.cn
1476,glass
1477,liguria.it
1478,wine
1479,gen.nz
1480,taipei
1481,chambagri.fr
1482,gotdns.ch
1483,gmbh
1484,net.uy
1485,poker
1486,edu.bt
1487,s3-website.eu-west-2.amazonaws.com
1488,blogspot.is
1489,rentals
1490,jp.net
1491,edu.rs
1492,poltava.ua
1493,edu.es
1494,pet
1495,spdns.org
1496,com.gy
1497,dnsalias.org
1498,srl
1499,supply
1500,tirol
1501,donetsk.ua
1502,vr.it
1503,hockey
1504,jetzt
1505,sejny.pl
1506,edu.dz
1507,ketrzyn.pl
1508,lib.me.us
1509,s3-website.us-east-2.amazonaws.com
1510,solar
1511,durban
1512,blogspot.co.ke
1513,forsale
1514,xn--80adxhks
1515,enterprises
1516,lawyer
1517,miami
1518,school.za
1519,career
1520,gent
1521,kicks-ass.org
1522,net.ni
1523,padova.it
1524,edu.et
1525,limanowa.pl
1526,sklep.pl
1527,africa.com
1528,augustow.pl
1529,family
1530,tattoo
1531,mydrobo.com
1532,org.mk
1533,lighting
1534,com.sy
1535,estate
1536,vi.it
1537,co.rw
1538,media.pl
1539,no-ip.ca
1540,legnica.pl
1541,notaires.fr
1542,va.it
1543,ppg.br
1544,info.vn
1545,kherson.ua
1546,bingo
1547,dnsfor.me
1548,gliwice.pl
1549,tax
1550,verona.it
1551,edu.pt
1552,healthcare
1553,kepno.pl
1554,co.im
1555,com.tj
1556,zj.cn
1557,pr.it
1558,radio.br
1559,builders
1560,airport.aero
1561,gmail
1562,promo
1563,sydney
1564,com.ee
1565,furniture
1566,gov.pr
1567,gov.sy
1568,haus
1569,s3-ca-central-1.amazonaws.com
1570,study
1571,kn
1572,com.sl
1573,emr.it
1574,er
1575,se.com
1576,tas.edu.au
1577,ac.tz
1578,art
1579,mil.ec
1580,vlaanderen
1581,brescia.it
1582,pisz.pl
1583,toys
1584,warmia.pl
1585,org.gr
1586,org.ni
1587,lib.tx.us
1588,rybnik.pl
1589,edu.mk
1590,k12.il
1591,lib.la.us
1592,malopolska.pl
1593,com.bs
1594,dyndns-home.com
1595,shopping
1596,ar.com
1597,cern
1598,edu.py
1599,repair
1600,info.ec
1601,nowaruda.pl
1602,tours
1603,calabria.it
1604,xn--54b7fta0cc
1605,gotpantheon.com
1606,lib.il.us
1607,pruszkow.pl
1608,rnu.tn
1609,jgora.pl
1610,xn--vuq861b
1611,dynalias.org
1612,td
1613,ac.pa
1614,gov.mn
1615,trust
1616,in.rs
1617,lutsk.ua
1618,vet.br
1619,bs.it
1620,lib.ny.us
1621,s3-website.ca-central-1.amazonaws.com
1622,blogspot.sn
1623,pisa.it
1624,s3.dualstack.ap-northeast-2.amazonaws.com
1625,co.vi
1626,gov.az
1627,org.tt
1628,pd.it
1629,s3.dualstack.eu-west-2.amazonaws.com
1630,s3.dualstack.us-east-2.amazonaws.com
1631,williamhill
1632,aichi.jp
1633,edu.ee
1634,ice
1635,mil.id
1636,net.sb
1637,polkowice.pl
1638,tv.it
1639,venezia.it
1640,s3.dualstack.ap-southeast-1.amazonaws.com
1641,vda.it
1642,apartments
1643,com.zm
1644,muni.il
1645,nm.cn
1646,lib.md.us
1647,mq
1648,umbria.it
1649,modena.it
1650,s3-us-gov-west-1.amazonaws.com
1651,s3.dualstack.eu-central-1.amazonaws.com
1652,gov.mz
1653,now
1654,com.bb
1655,servequake.com
1656,za.org
1657,blogspot.am
1658,construction
1659,eun.eg
1660,gop
1661,org.zm
1662,rent
1663,s3.dualstack.ap-south-1.amazonaws.com
1664,lib.ia.us
1665,net.gr
1666,onthewifi.com
1667,s3.dualstack.ca-central-1.amazonaws.com
1668,exposed
1669,lib.wi.us
1670,nsn.us
1671,s3.dualstack.ap-southeast-2.amazonaws.com
1672,gov.et
1673,kp
1674,productions
1675,edu.sd
1676,fe.it
1677,abruzzo.it
1678,org.lb
1679,blogspot.ug
1680,nagoya
1681,org.cy
1682,gf
1683,prato.it
1684,ve.it
1685,cn.it
1686,tienda
1687,ud.it
1688,aaa
1689,co.me
1690,co.na
1691,ge.it
1692,hsbc
1693,insure
1694,com.vu
1695,gov.iq
1696,mil.pe
1697,org.ir
1698,pv.it
1699,thruhere.net
1700,weir
1701,gov.bm
1702,blogspot.com.by
1703,airline.aero
1704,cheap
1705,gov.al
1706,vin
1707,blogspot.mk
1708,blogspot.lu
1709,diskstation.me
1710,equipment
1711,gov.gy
1712,holiday
1713,kalisz.pl
1714,wiki.br
1715,homeunix.com
1716,xn--fiqs8s
1717,jewelry
1718,com.dz
1719,dyndns-web.com
1720,sucks
1721,vipsinaapp.com
1722,ac.vn
1723,attorney
1724,co.dk
1725,kazimierz-dolny.pl
1726,brasilia.me
1727,college
1728,com.tt
1729,credit
1730,dep.no
1731,elk.pl
1732,yokohama
1733,org.af
1734,k12.ne.us
1735,cloudns.club
1736,lib.ca.us
1737,blogspot.com.cy
1738,gov.ec
1739,med.ec
1740,gov.rw
1741,jaworzno.pl
1742,servebbs.net
1743,dnsdojo.com
1744,hk.cn
1745,name.tr
1746,rm.it
1747,gov.bt
1748,hb.cn
1749,kyoto.jp
1750,mazowsze.pl
1751,bergamo.it
1752,co.uz
1753,net.cu
1754,act.edu.au
1755,edu.kz
1756,flights
1757,hiphop
1758,pg.it
1759,priv.at
1760,soy
1761,xn--90ais
1762,blogspot.li
1763,gov.ky
1764,odo.br
1765,or.ug
1766,cloudns.cc
1767,edu.sy
1768,k12.ks.us
1769,wegrow.pl
1770,gifts
1771,vgs.no
1772,srt
1773,za.com
1774,agro.pl
1775,blogspot.md
1776,gov.bs
1777,hiroshima.jp
1778,gov.tn
1779,limo
1780,mil.ve
1781,serveblog.net
1782,com.sb
1783,gb
1784,mielec.pl
1785,sd.cn
1786,servepics.com
1787,aosta.it
1788,basilicata.it
1789,com.ai
1790,nov.ru
1791,pri.ee
1792,cc.ga.us
1793,gov.mv
1794,swidnica.pl
1795,tmp.br
1796,barclaycard
1797,blogdns.com
1798,gov.ba
1799,kred
1800,natura
1801,selfip.org
1802,spdns.eu
1803,voyage
1804,capetown
1805,net.ng
1806,an.it
1807,psc.br
1808,lib.al.us
1809,mb.it
1810,emp.br
1811,gov.la
1812,immobilien
1813,kaufen
1814,prochowice.pl
1815,reisen
1816,webhop.biz
1817,xn--d1acj3b
1818,fans
1819,k12.ri.us
1820,me.it
1821,is-a-geek.com
1822,perugia.it
1823,christmas
1824,edu.mo
1825,lib.mo.us
1826,okinawa
1827,surf
1828,archi
1829,country
1830,gov.sd
1831,gov.tl
1832,lomza.pl
1833,osaka.jp
1834,point2this.com
1835,co.cm
1836,org.bz
1837,pro.vn
1838,canon
1839,edu.al
1840,edu.pa
1841,gmina.pl
1842,goip.de
1843,okayama.jp
1844,dscloud.me
1845,dyndns-office.com
1846,gitlab.io
1847,i.ng
1848,net.gy
1849,org.ls
1850,zgorzelec.pl
1851,gov.bb
1852,gov.me
1853,gov.mw
1854,nysa.pl
1855,org.jo
1856,pointto.us
1857,seoul.kr
1858,vacations
1859,com.ba
1860,industries
1861,star
1862,auction
1863,com.bm
1864,edu.ge
1865,org.pa
1866,sopot.pl
1867,supplies
1868,dontexist.com
1869,financial
1870,so.it
1871,cc.ia.us
1872,info.hu
1873,kumamoto.jp
1874,mypsx.net
1875,pomorskie.pl
1876,ac.rw
1877,gop.pk
1878,leclerc
1879,open
1880,contractors
1881,edu.hn
1882,k12.ak.us
1883,okinawa.jp
1884,servemp3.com
1885,catering
1886,fot.br
1887,fukushima.jp
1888,gouv.sn
1889,jl.cn
1890,cloudns.pro
1891,gifu.jp
1892,fk
1893,org.ge
1894,xn--t60b56a
1895,al.it
1896,avocat.fr
1897,plumbing
1898,store.ro
1899,saarland
1900,co.no
1901,com.bt
1902,gov.bz
1903,holdings
1904,hs.kr
1905,hyogo.jp
1906,servebbs.com
1907,siena.it
1908,zt.ua
1909,bbs.tr
1910,blogspot.com.ee
1911,chiba.jp
1912,ct.it
1913,mn.it
1914,rec.br
1915,juegos
1916,ltd.ua
1917,pordenone.it
1918,gdansk.pl
1919,podzone.net
1920,cim.br
1921,nagano.jp
1922,no.com
1923,saitama.jp
1924,diet
1925,fc.it
1926,nu.ca
1927,dd-dns.de
1928,agric.za
1929,bytom.pl
1930,cc.fl.us
1931,endofinternet.net
1932,gov.ly
1933,lib.nj.us
1934,no-ip.co.uk
1935,alsace
1936,bargains
1937,comcast
1938,lecco.it
1939,rimini.it
1940,udine.it
1941,walbrzych.pl
1942,km
1943,parma.it
1944,xn--mk1bu44c
1945,net.bo
1946,nom.co
1947,joburg
1948,org.mw
1949,tychy.pl
1950,aq
1951,com.nf
1952,lib.ks.us
1953,mortgage
1954,ostroda.pl
1955,pistoia.it
1956,surgery
1957,cologne
1958,fox
1959,guitars
1960,ostroleka.pl
1961,web.ve
1962,actor
1963,ba.it
1964,co.je
1965,froya.no
1966,com.ps
1967,data
1968,ddnss.de
1969,desa.id
1970,far.br
1971,gouv.ci
1972,irish
1973,vicenza.it
1974,dentist
1975,of.by
1976,org.tn
1977,vt.it
1978,condos
1979,gv.ao
1980,kanagawa.jp
1981,lib.ky.us
1982,palermo.it
1983,servegame.org
1984,uzhgorod.ua
1985,associates
1986,sa.it
1987,wlocl.pl
1988,geek.nz
1989,iwate.jp
1990,mba
1991,mil.no
1992,olecko.pl
1993,pi.it
1994,shizuoka.jp
1995,stargard.pl
1996,viajes
1997,auto.pl
1998,bolzano.it
1999,com.az
2000,ed.cr
2001,freeboxos.fr
2002,loans
2003,nsupdate.info
2004,xn--rhqv96g
2005,dyndns-at-home.com
2006,florist
2007,hot
2008,k12.vt.us
2009,0emm.com
2010,blogspot.com.mt
2011,investments
2012,li.it
2013,lib.sc.us
2014,lubin.pl
2015,miyagi.jp
2016,not.br
2017,org.bt
2018,slask.pl
2019,cdn77-ssl.net
2020,doesntexist.com
2021,fishing
2022,gw
2023,istmein.de
2024,villas
2025,com.lv
2026,gov.kg
2027,gu
2028,jelenia-gora.pl
2029,presse.fr
2030,schule
2031,soccer
2032,vodka
2033,buy
2034,blackfriday
2035,claims
2036,ltda
2037,sch.ir
2038,cc.al.us
2039,cs.it
2040,krd
2041,catania.it
2042,cleaning
2043,com.iq
2044,dyndns-free.com
2045,edu.mn
2046,gn
2047,inf.cu
2048,le.it
2049,lib.co.us
2050,lukow.pl
2051,med
2052,ms.it
2053,nat.tn
2054,blogsite.org
2055,cieszyn.pl
2056,lib.va.us
2057,org.sz
2058,ecn.br
2059,flowers
2060,gov.mg
2061,lease
2062,maison
2063,ostrowiec.pl
2064,sp.leg.br
2065,transurl.nl
2066,xn--80aswg
2067,edu.ba
2068,idf.il
2069,malbork.pl
2070,mil.lv
2071,cc.il.us
2072,engineer
2073,org.gh
2074,web.pk
2075,com.kp
2076,info.tn
2077,mil.ng
2078,sch.ae
2079,cc.ms.us
2080,co.mw
2081,coupons
2082,mobile
2083,xn--ses554g
2084,cloudns.org
2085,inf.ua
2086,itau
2087,org.hu
2088,pa.it
2089,i234.me
2090,int.ru
2091,lib.ar.us
2092,my-wan.de
2093,orange
2094,org.ae
2095,physio
2096,xn--3ds443g
2097,xn--55qx5d
2098,blogdns.org
2099,ca.it
2100,car
2101,doctor
2102,fr.it
2103,gov.zm
2104,lu.it
2105,nieruchomosci.pl
2106,game.tw
2107,homeunix.net
2108,nom.es
2109,pc.it
2110,pu.it
2111,sandcats.io
2112,xn--io0a7i
2113,com.ht
2114,lib.de.us
2115,med.pl
2116,sci.eg
2117,tottori.jp
2118,um.gov.pl
2119,auto
2120,corsica
2121,edu.bh
2122,office-on-the.net
2123,org.gg
2124,rc.it
2125,edu.lv
2126,firm.in
2127,home.dyndns.org
2128,lr
2129,miyazaki.jp
2130,bj.cn
2131,mc.it
2132,tatar
2133,theater
2134,degree
2135,dyndns-work.com
2136,feedback
2137,oslo.no
2138,podhale.pl
2139,sn.cn
2140,volyn.ua
2141,wielun.pl
2142,arezzo.it
2143,bari.it
2144,edu.af
2145,free
2146,kyiv.ua
2147,org.hn
2148,pn.it
2149,pp.se
2150,boxfuse.io
2151,cri.nz
2152,folkebibl.no
2153,lib.nc.us
2154,mw.gov.pl
2155,nagoya.jp
2156,salon
2157,hk.com
2158,org.na
2159,sells-it.net
2160,xn--6qq986b3xl
2161,dvrcam.info
2162,dyndns-mail.com
2163,lib.ma.us
2164,med.pro
2165,vinnica.ua
2166,zarow.pl
2167,ancona.it
2168,blogdns.net
2169,cc.va.us
2170,club.tw
2171,compute-1.amazonaws.com
2172,from-il.com
2173,lib.or.us
2174,yandex
2175,abc
2176,ftpaccess.cc
2177,fukui.jp
2178,gb.net
2179,klodzko.pl
2180,markets
2181,piacenza.it
2182,podzone.org
2183,tr.it
2184,withyoutube.com
2185,courses
2186,cruises
2187,flynnhub.com
2188,it.ao
2189,mil.my
2190,ufcfan.org
2191,xn--c1avg
2192,accountants
2193,ah.cn
2194,cq.cn
2195,edu.az
2196,is.it
2197,lib.pa.us
2198,org.mo
2199,sj
2200,tennis
2201,treviso.it
2202,day
2203,edu.lk
2204,glogow.pl
2205,gr.it
2206,mma
2207,molise.it
2208,nara.jp
2209,niigata.jp
2210,pt.it
2211,shacknet.nu
2212,apple
2213,cuneo.it
2214,info.ro
2215,k12.ec
2216,kartuzy.pl
2217,kyoto
2218,lodi.it
2219,mh
2220,msk.su
2221,no.it
2222,rodeo
2223,sa.gov.pl
2224,serveirc.com
2225,sx.cn
2226,bl.it
2227,cars
2228,cc.tx.us
2229,gunma.jp
2230,homeunix.org
2231,jll
2232,organic
2233,rehab
2234,sapporo.jp
2235,versicherung
2236,bom
2237,familyds.com
2238,lucca.it
2239,sassari.it
2240,varese.it
2241,edu.pf
2242,from-ks.com
2243,gmx
2244,gorizia.it
2245,hospital
2246,ing
2247,nflfan.org
2248,sandvik
2249,zakopane.pl
2250,akita.jp
2251,av.it
2252,broke-it.net
2253,como.it
2254,crown
2255,for-our.info
2256,outsystemscloud.com
2257,travel.pl
2258,gov.bo
2259,gripe
2260,sv.it
2261,fhsk.se
2262,lc.it
2263,security
2264,tickets
2265,ac.mu
2266,aq.it
2267,cloudns.eu
2268,dyndns-at-work.com
2269,id.lv
2270,lib.ms.us
2271,net.pa
2272,net.tn
2273,priv.no
2274,se.net
2275,tula.su
2276,cagliari.it
2277,com.sd
2278,livorno.it
2279,monash
2280,novara.it
2281,org.dz
2282,yamanashi.jp
2283,gives
2284,gov.kn
2285,kr.com
2286,rn.it
2287,swiebodzin.pl
2288,us-2.evennode.com
2289,xn--3e0b707e
2290,cremona.it
2291,dnshome.de
2292,kawasaki.jp
2293,lel.br
2294,mypets.ws
2295,belluno.it
2296,biella.it
2297,ciscofreak.com
2298,diskstation.org
2299,eat
2300,fukuoka.jp
2301,gniezno.pl
2302,ilawa.pl
2303,is-a-geek.org
2304,mie.jp
2305,navy
2306,page
2307,sarl
2308,cloudfunctions.net
2309,doomdns.com
2310,gz.cn
2311,hu.com
2312,sanok.pl
2313,servep2p.com
2314,co.ci
2315,fage
2316,gov.bf
2317,gov.ws
2318,mantova.it
2319,msd
2320,neustar
2321,org.pr
2322,qsl.br
2323,savona.it
2324,yokohama.jp
2325,cb.it
2326,cc.nc.us
2327,com.nr
2328,edu.ly
2329,kiwi.nz
2330,lib.ok.us
2331,map
2332,reise
2333,sch.ng
2334,tp.it
2335,yamagata.jp
2336,aomori.jp
2337,chirurgiens-dentistes.fr
2338,insurance
2339,konskowola.pl
2340,meteorapp.com
2341,scrapping.cc
2342,sp.it
2343,xn--czr694b
2344,docs
2345,doesntexist.org
2346,hobby-site.com
2347,net.jo
2348,osaka
2349,shimane.jp
2350,so.gov.pl
2351,sr.gov.pl
2352,trading
2353,cable-modem.org
2354,call
2355,edu.za
2356,geekgalaxy.com
2357,ibaraki.jp
2358,ishikawa.jp
2359,meet
2360,org.bw
2361,shop.pl
2362,bieszczady.pl
2363,cc.ua
2364,citic
2365,cr.it
2366,creditcard
2367,gov.dm
2368,lowicz.pl
2369,nikolaev.ua
2370,org.bh
2371,xn--fiq228c5hs
2372,xn--q9jyb4c
2373,ag.it
2374,blogsyte.com
2375,game-server.cc
2376,gen.in
2377,mielno.pl
2378,rg.it
2379,telefonica
2380,tires
2381,bv
2382,dyn-o-saur.com
2383,fg.it
2384,from.hr
2385,gov.sb
2386,pippu.hokkaido.jp
2387,storage
2388,xn--kput3i
2389,cc.or.us
2390,co.gg
2391,dni.us
2392,dscloud.biz
2393,edu.kg
2394,grosseto.it
2395,isa-geek.org
2396,man
2397,nom.fr
2398,org.se
2399,sc.cn
2400,trento.it
2401,ac.mz
2402,dnsdojo.net
2403,game-host.org
2404,gov.cm
2405,kg.kr
2406,mail.pl
2407,memorial
2408,net.ws
2409,org.et
2410,org.gy
2411,pescara.it
2412,play
2413,republican
2414,riik.ee
2415,secure
2416,audi
2417,dedyn.io
2418,dyn-vpn.de
2419,edu.bz
2420,gov.lc
2421,imperia.it
2422,int.ar
2423,kagoshima.jp
2424,mil.do
2425,saxo
2426,tarnobrzeg.pl
2427,dc.us
2428,democrat
2429,gs.cn
2430,hl.cn
2431,medecin.fr
2432,mil.ph
2433,pgafan.net
2434,qpon
2435,ar.it
2436,br.it
2437,chrome
2438,com.se
2439,dad
2440,java
2441,jx.cn
2442,myfirewall.org
2443,org.al
2444,pc.pl
2445,rawa-maz.pl
2446,xn--czru2d
2447,yamaguchi.jp
2448,asti.it
2449,at.it
2450,bing
2451,com.mg
2452,dynvpn.de
2453,ed.ao
2454,ehime.jp
2455,es.kr
2456,foo
2457,hepforge.org
2458,messina.it
2459,sc.leg.br
2460,selfip.info
2461,si.it
2462,xn--ngbc5azd
2463,boleslawiec.pl
2464,broker
2465,cal
2466,coop.py
2467,gov.lt
2468,gov.sl
2469,gov.tm
2470,hi.cn
2471,hiv
2472,is-leet.com
2473,kobe.jp
2474,lapy.pl
2475,lib.nh.us
2476,pictet
2477,rovno.ua
2478,ss.it
2479,xn--hxt814e
2480,al.leg.br
2481,edu.bb
2482,foggia.it
2483,gets-it.net
2484,gob.pk
2485,gov.sc
2486,gr.com
2487,homeftp.org
2488,kharkiv.ua
2489,lib.az.us
2490,lib.ga.us
2491,like
2492,lugansk.ua
2493,mil.nz
2494,powiat.pl
2495,press.ma
2496,sch.sa
2497,workisboring.com
2498,ac.me
2499,ac.mw
2500,ce.it
2501,gouv.ht
2502,hitachi
2503,mg.leg.br
2504,mil.kr
2505,mov
2506,museum.no
2507,sbi
2508,te.it
2509,cc.mi.us
2510,cosenza.it
2511,eco
2512,fun
2513,go.it
2514,go.leg.br
2515,gos.pk
2516,latina.it
2517,monza.it
2518,my-gateway.de
2519,pe.it
2520,prd.fr
2521,prime
2522,serveexchange.com
2523,sex.pl
2524,sm.ua
2525,terni.it
2526,cc.tn.us
2527,cfa
2528,ch.it
2529,dlugoleka.pl
2530,experts-comptables.fr
2531,gorlice.pl
2532,idv.hk
2533,mil.by
2534,myphotos.cc
2535,naklo.pl
2536,org.je
2537,ravenna.it
2538,ro.it
2539,cc.nj.us
2540,drive
2541,fbxos.fr
2542,from-al.com
2543,o.se
2544,org.ba
2545,org.bb
2546,priv.pl
2547,radio
2548,turystyka.pl
2549,wow
2550,a.se
2551,ap.it
2552,bmw
2553,busan.kr
2554,cz.it
2555,dontexist.net
2556,dot
2557,gov.lr
2558,huissier-justice.fr
2559,is-a-geek.net
2560,iwi.nz
2561,lib.fl.us
2562,lib.ut.us
2563,microsoft
2564,ms.kr
2565,next
2566,org.pf
2567,pomorze.pl
2568,protection
2569,sch.lk
2570,search
2571,siracusa.it
2572,tec.ve
2573,afl
2574,babia-gora.pl
2575,bbc
2576,dell
2577,doomdns.org
2578,from-de.com
2579,geometre-expert.fr
2580,hn.cn
2581,is-slick.com
2582,net.et
2583,net.sy
2584,ntr.br
2585,or.it
2586,sony
2587,toyama.jp
2588,ac.zm
2589,ao.it
2590,bn.it
2591,codespot.com
2592,com.cm
2593,kutno.pl
2594,laspezia.it
2595,name.my
2596,pz.it
2597,trapani.it
2598,ug.gov.pl
2599,ups
2600,xen.prgmr.com
2601,xn--5tzm5g
2602,airforce
2603,alt.za
2604,bi.it
2605,bmd.br
2606,com.so
2607,com.uz
2608,dnsdojo.org
2609,draydns.de
2610,edu.ky
2611,edunet.tn
2612,got
2613,is-found.org
2614,jcb
2615,lib.wa.us
2616,mlb
2617,servehalflife.com
2618,vb.it
2619,chieti.it
2620,does-it.net
2621,dyndns-wiki.com
2622,fantasyleague.cc
2623,for-the.biz
2624,from-ok.com
2625,ham-radio-op.net
2626,is-uberleet.com
2627,lt.it
2628,ntt
2629,off.ai
2630,org.sy
2631,test.ru
2632,tochigi.jp
2633,wodzislaw.pl
2634,active
2635,ato.br
2636,c.la
2637,co.cl
2638,dyndns-blog.com
2639,en.it
2640,health
2641,is-very-good.org
2642,lo.it
2643,my-router.de
2644,name.ng
2645,net.la
2646,phone
2647,rep.kp
2648,ro.im
2649,salerno.it
2650,ta.it
2651,venice.it
2652,voto
2653,worse-than.tv
2654,xn--3bst00m
2655,alessandria.it
2656,avellino.it
2657,beskidy.pl
2658,com.lc
2659,damnserver.com
2660,dynathome.net
2661,endoftheinternet.org
2662,for-better.biz
2663,homes
2664,is-a-personaltrainer.com
2665,ma.leg.br
2666,myeffect.net
2667,nagasaki.jp
2668,org.kg
2669,pavia.it
2670,per.sg
2671,reit
2672,ven.it
2673,xn--4gbrim
2674,xn--czrs0t
2675,xn--mgbab2bd
2676,yachts
2677,art.museum
2678,brindisi.it
2679,cc.nm.us
2680,com.gn
2681,edu.krd
2682,edu.mv
2683,feste-ip.net
2684,from-ca.com
2685,from-sc.com
2686,from-tx.com
2687,gsm.pl
2688,idrett.no
2689,isa-geek.com
2690,kumamoto.kumamoto.jp
2691,mil.jo
2692,netflix
2693,nra
2694,nt.edu.au
2695,org.om
2696,parliament.nz
2697,qc.com
2698,trd.br
2699,turek.pl
2700,windows
2701,agrigento.it
2702,aland.fi
2703,com.kg
2704,com.mu
2705,emiliaromagna.it
2706,familyds.net
2707,gifu.gifu.jp
2708,gov.vc
2709,lib.nv.us
2710,mil.uy
2711,net.pt
2712,rnrt.tn
2713,saga.jp
2714,teo.br
2715,verbania.it
2716,agrinet.tn
2717,android
2718,dsmynas.com
2719,emerck
2720,from-ar.com
2721,ftr
2722,gouv.bj
2723,ibm
2724,is-an-engineer.com
2725,is-lost.org
2726,is-very-evil.org
2727,milan.it
2728,mt.it
2729,nerdpol.ovh
2730,net.bh
2731,pin
2732,ro.leg.br
2733,shiga.jp
2734,stat.no
2735,walmart
2736,web.za
2737,accenture
2738,axa
2739,caserta.it
2740,cl.it
2741,diskstation.eu
2742,dsmynas.net
2743,edu.bs
2744,edu.ht
2745,endofinternet.org
2746,fhs.no
2747,from-va.com
2748,go.dyndns.org
2749,ina.nagano.jp
2750,kr.it
2751,mil.cl
2752,mini
2753,mitsue.nara.jp
2754,myasustor.com
2755,nerima.tokyo.jp
2756,net.nr
2757,on-the-web.tv
2758,pharmacien.fr
2759,potenza.it
2760,rovigo.it
2761,sr.it
2762,trentino.it
2763,vc.it
2764,wa.au
2765,weather
2766,ap.gov.pl
2767,beep.pl
2768,campobasso.it
2769,cc.ok.us
2770,collegefan.org
2771,com.st
2772,crotone.it
2773,czeladz.pl
2774,from-ne.com
2775,gle
2776,hamura.tokyo.jp
2777,is-certified.com
2778,is-very-bad.org
2779,mil.ae
2780,mlbfan.org
2781,moi
2782,nu.it
2783,org.im
2784,org.la
2785,port.fr
2786,starachowice.pl
2787,szkola.pl
2788,taa.it
2789,total
2790,baidu
2791,bialowieza.pl
2792,com.ki
2793,edu.gy
2794,fst.br
2795,hobby-site.org
2796,is-a-guru.com
2797,isteingeek.de
2798,m.se
2799,macerata.it
2800,matsumoto.nagano.jp
2801,org.cu
2802,pr.leg.br
2803,rs.leg.br
2804,sc.ug
2805,servebbs.org
2806,suita.osaka.jp
2807,africa
2808,anz
2809,asahikawa.hokkaido.jp
2810,com.ml
2811,com.ms
2812,csc
2813,fly
2814,i.ph
2815,kochi.jp
2816,mil.cn
2817,nx.cn
2818,opoczno.pl
2819,org.ly
2820,org.mv
2821,rieti.it
2822,rogers
2823,sas
2824,save
2825,taxi.br
2826,teramo.it
2827,vercelli.it
2828,vic.au
2829,yn.cn
2830,book
2831,bt.it
2832,edu.lc
2833,edu.pr
2834,forgot.his.name
2835,fr.eu.org
2836,gov.ac
2837,gov.gn
2838,gov.mr
2839,himeji.hyogo.jp
2840,k12.vi
2841,mil.za
2842,mt.leg.br
2843,nexus
2844,org.ug
2845,read-books.org
2846,read
2847,rich
2848,select
2849,sener
2850,to.leg.br
2851,wios.gov.pl
2852,xn--nqv7f
2853,zhitomir.ua
2854,azure
2855,communications.museum
2856,golffan.us
2857,gov.ms
2858,gov.to
2859,gyeonggi.kr
2860,hughes
2861,is-a-bulls-fan.com
2862,k12.dc.us
2863,laquila.it
2864,law.za
2865,lebork.pl
2866,lidl
2867,lotto
2868,mil.bo
2869,net-freaks.com
2870,net.ai
2871,net.ms
2872,on-aptible.com
2873,org.kp
2874,org.ky
2875,rns.tn
2876,sca
2877,shell
2878,spot
2879,tokushima.jp
2880,abogado
2881,baby
2882,bentley
2883,catanzaro.it
2884,cc.md.us
2885,chase
2886,cloudns.asia
2887,cloudns.pw
2888,edu.kn
2889,edu.sn
2890,hachijo.tokyo.jp
2891,history.museum
2892,is-a-chef.net
2893,isa-geek.net
2894,jmp
2895,kagawa.jp
2896,kep.tr
2897,mit
2898,net.bs
2899,net.ir
2900,nsw.au
2901,org.ps
2902,pe.leg.br
2903,simple-url.com
2904,sumida.tokyo.jp
2905,szczytno.pl
2906,ts.it
2907,viterbo.it
2908,vv.it
2909,xerox
2910,xn--fiq64b
2911,xn--mgbaam7a8h
2912,atsuma.hokkaido.jp
2913,bbva
2914,bot
2915,caltanissetta.it
2916,cc.mn.us
2917,cc.wy.us
2918,channel
2919,co.ca
2920,ditchyourip.com
2921,eating-organic.net
2922,edu.ci
2923,ford
2924,from-or.com
2925,ginoza.okinawa.jp
2926,gov.ml
2927,gov.mu
2928,hermes
2929,im.it
2930,itami.hyogo.jp
2931,kanazawa.ishikawa.jp
2932,kawagoe.saitama.jp
2933,makeup
2934,matsuyama.ehime.jp
2935,misconfused.org
2936,net.ly
2937,norton
2938,oita.jp
2939,on-web.fr
2940,org.lv
2941,pay
2942,philips
2943,pwc
2944,qa2.com
2945,ri.it
2946,samsung
2947,skoczow.pl
2948,synology-diskstation.de
2949,talk
2950,vivo
2951,writesthisblog.com
2952,xn--xhq521b
2953,aid.pl
2954,ba.leg.br
2955,boats
2956,ceb
2957,ddnss.org
2958,fermo.it
2959,food
2960,from-nj.com
2961,frosinone.it
2962,fuji.shizuoka.jp
2963,fujisawa.kanagawa.jp
2964,gouv.ml
2965,gov.tj
2966,hoteles
2967,ip6.arpa
2968,lecce.it
2969,matera.it
2970,meme
2971,mil.gt
2972,mymediapc.net
2973,net.eu.org
2974,omega
2975,ot.it
2976,praxi
2977,quicksytes.com
2978,sc.kr
2979,szex.hu
2980,taranto.it
2981,teaches-yoga.com
2982,triton.zone
2983,video.hu
2984,wiw.gov.pl
2985,xn--vhquv
2986,ac.se
2987,benevento.it
2988,bmoattachments.org
2989,buyshouses.net
2990,cbs
2991,cc.az.us
2992,daegu.kr
2993,dr.tr
2994,e12.ve
2995,eng.pro
2996,from-mi.com
2997,honda
2998,is-a-financialadvisor.com
2999,is-an-actor.com
3000,is-into-anime.com
3001,joetsu.niigata.jp
3002,knowsitall.info
3003,kurashiki.okayama.jp
3004,lds
3005,meguro.tokyo.jp
3006,mtn
3007,net.az
3008,nuoro.it
3009,org.az
3010,org.kz
3011,org.ws
3012,pesarourbino.it
3013,po.it
3014,rr.leg.br
3015,sagamihara.kanagawa.jp
3016,science.museum
3017,ses
3018,shop.hu
3019,web.lk
3020,bloomberg
3021,boo
3022,cc.ks.us
3023,com.gl
3024,dnsiskinky.com
3025,dvr
3026,edu.bi
3027,fedex
3028,film.hu
3029,from-ga.com
3030,fylkesbibl.no
3031,health.vn
3032,id.ir
3033,is-very-nice.org
3034,kvam.no
3035,likes-pie.com
3036,matsudo.chiba.jp
3037,motorcycles
3038,mr.no
3039,nec
3040,net.cy
3041,nic.tj
3042,okuma.fukushima.jp
3043,org.lk
3044,org.mn
3045,org.nr
3046,oristano.it
3047,pnc
3048,quest
3049,rn.leg.br
3050,room
3051,saga.saga.jp
3052,schmidt
3053,sendai.jp
3054,shibuya.tokyo.jp
3055,song
3056,sos.pl
3057,tenkawa.nara.jp
3058,abb
3059,ae.org
3060,at-band-camp.net
3061,autos
3062,cancerresearch
3063,cloudcontrolled.com
3064,com.sc
3065,com.to
3066,crs
3067,edu.zm
3068,flickr
3069,florence.it
3070,fm.it
3071,forex
3072,forum
3073,from-az.net
3074,from-la.net
3075,from-mt.com
3076,from-nh.com
3077,from-ny.net
3078,from-pa.com
3079,from-wi.com
3080,hasura-app.io
3081,ikeda.osaka.jp
3082,is-a-teacher.com
3083,is-saved.org
3084,iz.hr
3085,izumi.kagoshima.jp
3086,kaszuby.pl
3087,kwpsp.gov.pl
3088,minato.tokyo.jp
3089,movistar
3090,net.gn
3091,oracle
3092,ragusa.it
3093,ricoh
3094,schwarz
3095,seek
3096,sex.hu
3097,target
3098,tci
3099,theatre
3100,toei.aichi.jp
3101,tome.miyagi.jp
3102,townnews-staging.com
3103,vs.it
3104,walter
3105,wassamu.hokkaido.jp
3106,xn--90a3ac
3107,xn--i1b6b1a6a2e
3108,xn--o3cw4h
3109,zero
3110,ac.sz
3111,analytics
3112,aquarelle
3113,arakawa.tokyo.jp
3114,cc.mo.us
3115,chofu.tokyo.jp
3116,com.bi
3117,edu.tm
3118,enna.it
3119,forli-cesena.it
3120,from-id.com
3121,from-md.com
3122,from-tn.com
3123,gov.nc.tr
3124,he.cn
3125,hiratsuka.kanagawa.jp
3126,iamallama.com
3127,ichihara.chiba.jp
3128,is-a-rockstar.com
3129,is-a-socialist.com
3130,is-very-sweet.org
3131,koriyama.fukushima.jp
3132,lib.ak.us
3133,madrid
3134,nakatsugawa.gifu.jp
3135,nc.tr
3136,net.je
3137,obama.fukui.jp
3138,ogliastra.it
3139,org.bs
3140,org.ee
3141,oshu.iwate.jp
3142,poivron.org
3143,reklam.hu
3144,sebastopol.ua
3145,securitytactics.com
3146,sew
3147,stuff-4-sale.org
3148,ternopil.ua
3149,uy.com
3150,xn--cck2b3b
3151,atami.shizuoka.jp
3152,brand.se
3153,case
3154,cba
3155,citi
3156,clubmed
3157,com.ug
3158,defense.tn
3159,delta
3160,dvag
3161,edu.la
3162,edu.mg
3163,edu.sl
3164,familyds.org
3165,ferrara.it
3166,firewall-gateway.de
3167,from-co.net
3168,from-ia.com
3169,from-wy.com
3170,fukuyama.hiroshima.jp
3171,george
3172,gov.ki
3173,iheya.okinawa.jp
3174,is-gone.com
3175,isernia.it
3176,land-4-sale.us
3177,leitungsen.de
3178,matsusaka.mie.jp
3179,mil.al
3180,mil.hn
3181,mil.iq
3182,mil.ni
3183,my-firewall.org
3184,myactivedirectory.com
3185,mysecuritycamera.com
3186,n.se
3187,net.ht
3188,net.so
3189,nom.za
3190,obihiro.hokkaido.jp
3191,org.lr
3192,otari.nagano.jp
3193,plo.ps
3194,po.gov.pl
3195,reggio-calabria.it
3196,saves-the-whales.com
3197,sbs
3198,skype
3199,tahara.aichi.jp
3200,takasaki.gunma.jp
3201,vanguard
3202,weber
3203,whoswho
3204,xn--unup4y
3205,yanaizu.fukushima.jp
3206,yokosuka.kanagawa.jp
3207,amagasaki.hyogo.jp
3208,arts.ro
3209,c.se
3210,cbn
3211,com.vi
3212,dsmynas.org
3213,dyndns-pics.com
3214,edu.dm
3215,edu.ws
3216,fire
3217,firewall-gateway.com
3218,firmdale
3219,forum.hu
3220,from-ky.com
3221,from-mo.com
3222,from-oh.com
3223,fuettertdasnetz.de
3224,fujiyoshida.yamanashi.jp
3225,gov.cu
3226,gov.pn
3227,intuit
3228,kinder
3229,law.pro
3230,london.museum
3231,machida.tokyo.jp
3232,med.ly
3233,mediocampidano.it
3234,miasta.pl
3235,mil.tr
3236,mincom.tn
3237,nagaoka.niigata.jp
3238,net.bz
3239,net.pn
3240,nhlfan.net
3241,nike
3242,nl.eu.org
3243,nokia
3244,org.sd
3245,ping
3246,s.se
3247,shiogama.miyagi.jp
3248,sondrio.it
3249,stada
3250,suedtirol.it
3251,swatch
3252,toshiba
3253,toyohashi.aichi.jp
3254,traeumtgerade.de
3255,tsuno.miyazaki.jp
3256,tvs
3257,ube.yamaguchi.jp
3258,vladimir.ru
3259,wakayama.jp
3260,xn--1qqw23a
3261,xn--fjq720a
3262,xn--kpry57d
3263,aco
3264,airtel
3265,allstate
3266,americanexpress
3267,anpachi.gifu.jp
3268,arte
3269,asso.mc
3270,barrell-of-knowledge.info
3271,bbs
3272,bcn
3273,bir.ru
3274,booking
3275,broadway
3276,cc.ar.us
3277,cc.pa.us
3278,com.lr
3279,com.ws
3280,dealer
3281,edogawa.tokyo.jp
3282,fh.se
3283,final
3284,from-dc.com
3285,from-pr.com
3286,fujinomiya.shizuoka.jp
3287,gea
3288,ggf.br
3289,greta.fr
3290,hakodate.hokkaido.jp
3291,horokanai.hokkaido.jp
3292,iitate.fukushima.jp
3293,in.eu.org
3294,is-a-doctor.com
3295,is-a-lawyer.com
3296,is-not-certified.com
3297,ishigaki.okinawa.jp
3298,itabashi.tokyo.jp
3299,iwaizumi.iwate.jp
3300,iwaki.fukushima.jp
3301,iwamizawa.hokkaido.jp
3302,jcp
3303,kawagoe.mie.jp
3304,komoro.nagano.jp
3305,kyonan.chiba.jp
3306,lpl
3307,macys
3308,mint
3309,miyoshi.hiroshima.jp
3310,mo.cn
3311,neo
3312,net.ge
3313,nis.za
3314,pa.leg.br
3315,pi.leg.br
3316,pvt.ge
3317,qh.cn
3318,sabae.fukui.jp
3319,sfr
3320,shaw
3321,shinagawa.tokyo.jp
3322,smile
3323,stc
3324,t.se
3325,tarama.okinawa.jp
3326,toyone.aichi.jp
3327,toyota
3328,tuscany.it
3329,urakawa.hokkaido.jp
3330,v.bg
3331,xbox
3332,y.se
3333,zushi.kanagawa.jp
3334,ac.leg.br
3335,alibaba
3336,ally
3337,altoadige.it
3338,bestbuy
3339,bizen.okayama.jp
3340,bond
3341,bozen.it
3342,bridgestone
3343,capitalone
3344,cc.oh.us
3345,cc.wa.us
3346,chiyoda.tokyo.jp
3347,couchpotatofries.org
3348,cyon.link
3349,dscloud.mobi
3350,eu-1.evennode.com
3351,eu.meteorapp.com
3352,fan
3353,fast
3354,fidelity
3355,from-me.org
3356,frontier
3357,funahashi.toyama.jp
3358,gangwon.kr
3359,gs.oslo.no
3360,gujo.gifu.jp
3361,hachinohe.aomori.jp
3362,hakuba.nagano.jp
3363,hamada.shimane.jp
3364,hanamaki.iwate.jp
3365,hashbang.sh
3366,ichikawa.chiba.jp
3367,is-a-chef.com
3368,is-a-hunter.com
3369,jnj
3370,kalmykia.ru
3371,kitagata.gifu.jp
3372,kunigami.okinawa.jp
3373,kurotaki.nara.jp
3374,lanxess
3375,lib.vt.us
3376,likescandy.com
3377,linde
3378,magentosite.cloud
3379,mishima.fukushima.jp
3380,monster
3381,morioka.iwate.jp
3382,moto
3383,nab
3384,nagareyama.chiba.jp
3385,nagasaki.nagasaki.jp
3386,nagatoro.saitama.jp
3387,nago.okinawa.jp
3388,neat-url.com
3389,nikon
3390,og.it
3391,ohkura.yamagata.jp
3392,ol.no
3393,org.so
3394,ott
3395,pccw
3396,readmyblog.org
3397,rel.pl
3398,rsvp
3399,rzgw.gov.pl
3400,sa.au
3401,sandefjord.no
3402,servehumour.com
3403,seto.aichi.jp
3404,sf.no
3405,shirakawa.gifu.jp
3406,sport.hu
3407,starostwo.gov.pl
3408,tab
3409,tm.pl
3410,tokashiki.okinawa.jp
3411,tsukuba.ibaraki.jp
3412,tw.cn
3413,ueda.nagano.jp
3414,ulsan.kr
3415,voting
3416,wakasa.tottori.jp
3417,wed
3418,xj.cn
3419,xn--l1acc
3420,yamazoe.nara.jp
3421,yatomi.aichi.jp
3422,zaporizhzhe.ua
3423,aarp
3424,aig
3425,airbus
3426,aizuwakamatsu.fukushima.jp
3427,ashikaga.tochigi.jp
3428,biz.ni
3429,biz.pk
3430,bms
3431,bnl
3432,boldlygoingnowhere.org
3433,bolt.hu
3434,chitose.hokkaido.jp
3435,choshi.chiba.jp
3436,ci.it
3437,com.im
3438,com.io
3439,com.sh
3440,conf.au
3441,customer.enonic.io
3442,duck
3443,enonic.io
3444,es.leg.br
3445,est-le-patron.com
3446,ferrari
3447,fiat
3448,for-more.biz
3449,fresenius
3450,from-ct.com
3451,from-fl.com
3452,from-hi.com
3453,from-nc.com
3454,from-sd.com
3455,from-ut.com
3456,from-wa.com
3457,fukushima.hokkaido.jp
3458,godaddy
3459,gov.sh
3460,guardian
3461,hanno.saitama.jp
3462,ikeda.fukui.jp
3463,imdb
3464,incheon.kr
3465,intel
3466,is-a-nurse.com
3467,is-a-patsfan.org
3468,ishikawa.fukushima.jp
3469,kakogawa.hyogo.jp
3470,katsuyama.fukui.jp
3471,kofu.yamanashi.jp
3472,lib.wy.us
3473,living
3474,maif
3475,mcd
3476,merseine.nu
3477,mex.com
3478,mishima.shizuoka.jp
3479,miyakonojo.miyazaki.jp
3480,mmafan.biz
3481,myhome-server.de
3482,myshopblocks.com
3483,nabari.mie.jp
3484,nagano.nagano.jp
3485,nakagusuku.okinawa.jp
3486,nanao.ishikawa.jp
3487,nba
3488,net.mo
3489,net.pr
3490,og.ao
3491,org.sb
3492,oss
3493,ota.tokyo.jp
3494,pid
3495,pl.eu.org
3496,potager.org
3497,prof
3498,red.sv
3499,rexroth
3500,rwe
3501,safe
3502,sanjo.niigata.jp
3503,sch.qa
3504,scjohnson
3505,scrapper-site.net
3506,seki.gifu.jp
3507,sld.pa
3508,softbank
3509,symantec
3510,takamatsu.kagawa.jp
3511,ubs
3512,utsunomiya.tochigi.jp
3513,wsa.gov.pl
3514,x.se
3515,xenapponazure.com
3516,xn--45q11c
3517,xn--j6w193g
3518,yahaba.iwate.jp
3519,adygeya.su
3520,akdn
3521,barrel-of-knowledge.info
3522,bashkiria.ru
3523,bashkiria.su
3524,bbt
3525,blanco
3526,brother
3527,bunkyo.tokyo.jp
3528,carboniaiglesias.it
3529,cfd
3530,chanel
3531,cherkassy.ua
3532,co.bi
3533,coastaldefence.museum
3534,com.tm
3535,cruise
3536,database.museum
3537,deloitte
3538,ebetsu.hokkaido.jp
3539,edu.me
3540,edu.ml
3541,edu.mz
3542,ericsson
3543,everbank
3544,fnd.br
3545,from-nd.com
3546,futurehosting.at
3547,gap
3548,hdfc
3549,health-carereform.com
3550,here-for-more.info
3551,higashiosaka.osaka.jp
3552,hirosaki.aomori.jp
3553,hu.net
3554,ibara.okayama.jp
3555,ikano
3556,is-a-blogger.com
3557,is-a-chef.org
3558,is-a-hard-worker.com
3559,is-a-knight.org
3560,is-a-musician.com
3561,is-a-techie.com
3562,is-into-cartoons.com
3563,is-with-theband.com
3564,isa.us
3565,iselect
3566,itoman.okinawa.jp
3567,izu.shizuoka.jp
3568,jio
3569,joy
3570,kamakura.kanagawa.jp
3571,kameoka.kyoto.jp
3572,kasugai.aichi.jp
3573,kids.us
3574,kitakata.fukushima.jp
3575,komatsu
3576,kpmg
3577,kurume.fukuoka.jp
3578,latrobe
3579,lebtimnetz.de
3580,liaison
3581,lib.mt.us
3582,marriott
3583,metlife
3584,mil.py
3585,minami-alps.yamanashi.jp
3586,mls
3587,mydissent.net
3588,naha.okinawa.jp
3589,odawara.kanagawa.jp
3590,ogawa.nagano.jp
3591,omaezaki.shizuoka.jp
3592,org.ac
3593,org.gi
3594,otsu.shiga.jp
3595,otsuka
3596,presse.ml
3597,przeworsk.pl
3598,pub.sa
3599,redstone
3600,rome.it
3601,saka.hiroshima.jp
3602,sakahogi.gifu.jp
3603,sakura
3604,seika.kyoto.jp
3605,sells-for-u.com
3606,shia
3607,shika.ishikawa.jp
3608,sina
3609,staples
3610,stufftoread.com
3611,suginami.tokyo.jp
3612,susono.shizuoka.jp
3613,suzaka.nagano.jp
3614,tagawa.fukuoka.jp
3615,takatsuki.osaka.jp
3616,tatamotors
3617,toride.ibaraki.jp
3618,trondheim.no
3619,utazas.hu
3620,veterinaire.fr
3621,vig
3622,virgin
3623,visa
3624,volvo
3625,wme
3626,xn--1ck2e1b
3627,xn--efvn9s.jp
3628,xn--nyqy26a
3629,xn--zfr164b
3630,xz.cn
3631,yao.osaka.jp
3632,yurihonjo.akita.jp
3633,za.bz
3634,1kapp.com
3635,abiko.chiba.jp
3636,abkhazia.su
3637,adygeya.ru
3638,akita.akita.jp
3639,amex
3640,anan.tokushima.jp
3641,anjo.aichi.jp
3642,aomori.aomori.jp
3643,apps.lair.io
3644,ascolipiceno.it
3645,assedic.fr
3646,avianca
3647,banamex
3648,bodo.no
3649,cc.id.us
3650,cc.mt.us
3651,cc.ny.us
3652,chikushino.fukuoka.jp
3653,chuo.yamanashi.jp
3654,citadel
3655,com.ac
3656,com.re
3657,contact
3658,coupon
3659,dabur
3660,daejeon.kr
3661,dnp
3662,dodge
3663,edeka
3664,edu.mw
3665,eniwa.hokkaido.jp
3666,firestone
3667,firm.ro
3668,fredrikstad.no
3669,from-ak.com
3670,from-nv.com
3671,from-wv.com
3672,fuchu.tokyo.jp
3673,fudai.iwate.jp
3674,fukuroi.shizuoka.jp
3675,fukushima.fukushima.jp
3676,funabashi.chiba.jp
3677,genting
3678,gjovik.no
3679,glade
3680,gok.pk
3681,gov.kp
3682,gov.nr
3683,gov.st
3684,grainger
3685,groks-this.info
3686,hair
3687,hakone.kanagawa.jp
3688,hekinan.aichi.jp
3689,higashihiroshima.hiroshima.jp
3690,hino.tokyo.jp
3691,hirakata.osaka.jp
3692,homedepot
3693,hotel.hu
3694,ichinomiya.aichi.jp
3695,inazawa.aichi.jp
3696,int.ni
3697,is-a-landscaper.com
3698,is-a-photographer.com
3699,is-a-player.com
3700,is-into-cars.com
3701,ishikari.hokkaido.jp
3702,ito.shizuoka.jp
3703,itv
3704,ivano-frankivsk.ua
3705,iwate.iwate.jp
3706,jeju.kr
3707,juniper
3708,kaga.ishikawa.jp
3709,kaminokawa.tochigi.jp
3710,kia
3711,kpn
3712,kuji.iwate.jp
3713,kumano.mie.jp
3714,kusatsu.gunma.jp
3715,kwp.gov.pl
3716,lacaixa
3717,lego
3718,lib.ct.us
3719,lib.ne.us
3720,logoip.de
3721,lom.it
3722,lupin
3723,mango
3724,matsuda.kanagawa.jp
3725,mino.gifu.jp
3726,miyako.iwate.jp
3727,nanyo.yamagata.jp
3728,narita.chiba.jp
3729,net.cm
3730,net.ki
3731,net.me
3732,net.ml
3733,net.mu
3734,net.rw
3735,net.to
3736,nordkapp.no
3737,numazu.shizuoka.jp
3738,obi
3739,ogawa.saitama.jp
3740,ono.fukushima.jp
3741,opencraft.hosting
3742,org.ki
3743,org.lc
3744,org.me
3745,org.ms
3746,org.tm
3747,pirate
3748,raid
3749,reliance
3750,ril
3751,ringerike.no
3752,roma.museum
3753,s3-fips-us-gov-west-1.amazonaws.com
3754,scb
3755,setagaya.tokyo.jp
3756,seven
3757,shari.hokkaido.jp
3758,sharp
3759,shimonoseki.yamaguchi.jp
3760,shriram
3761,skin
3762,sld.do
3763,sohu
3764,soka.saitama.jp
3765,space.museum
3766,stuff-4-sale.us
3767,suzuki
3768,taiwa.miyagi.jp
3769,tama.tokyo.jp
3770,tiffany
3771,toda.saitama.jp
3772,tomigusuku.okinawa.jp
3773,toyooka.hyogo.jp
3774,toyota.aichi.jp
3775,tr.no
3776,trysil.no
3777,turen.tn
3778,virtual.museum
3779,vladimir.su
3780,web.do
3781,wellbeingzone.co.uk
3782,xn--80ao21a
3783,xn--gckr3f0f
3784,xn--h2brj9c
3785,xn--mgbayh7gpa
3786,xperia
3787,yachiyo.chiba.jp
3788,yaizu.shizuoka.jp
3789,yalta.ua
3790,yun
3791,zachpomor.pl
3792,4u.com
3793,abashiri.hokkaido.jp
3794,ac.im
3795,aetna
3796,aikawa.kanagawa.jp
3797,airtraffic.aero
3798,alto-adige.it
3799,ashgabad.su
3800,atm.pl
3801,atsugi.kanagawa.jp
3802,azumino.nagano.jp
3803,beauty
3804,bnr.la
3805,bosch
3806,boston
3807,cc.ma.us
3808,chrysler
3809,co.pn
3810,co.pw
3811,com.rw
3812,d.se
3813,diy
3814,dnepropetrovsk.ua
3815,dyn
3816,echizen.fukui.jp
3817,edu.gi
3818,edu.gl
3819,edu.sb
3820,edu.sc
3821,edu.vu
3822,epson
3823,esashi.hokkaido.jp
3824,esq
3825,est-a-la-maison.com
3826,etisalat
3827,fi.eu.org
3828,fie.ee
3829,from-ms.com
3830,from-vt.com
3831,fuchu.hiroshima.jp
3832,fukuchiyama.kyoto.jp
3833,fukui.fukui.jp
3834,fukusaki.hyogo.jp
3835,geek
3836,gmo
3837,gnu
3838,gouv.km
3839,gran.no
3840,groks-the.info
3841,ha.no
3842,hachioji.tokyo.jp
3843,hadano.kanagawa.jp
3844,hbo
3845,hdfcbank
3846,herad.no
3847,heritage.museum
3848,higashishirakawa.gifu.jp
3849,hirono.iwate.jp
3850,hkt
3851,hl.no
3852,hokuto.yamanashi.jp
3853,home-webserver.de
3854,honeywell
3855,hotels
3856,ibigawa.gifu.jp
3857,ic.gov.pl
3858,imari.saga.jp
3859,inabe.mie.jp
3860,indy
3861,info.at
3862,info.az
3863,is-a-designer.com
3864,is-a-painter.com
3865,is-a-republican.com
3866,is-a-soxfan.org
3867,is-an-accountant.com
3868,is-an-artist.com
3869,isahaya.nagasaki.jp
3870,iwanai.hokkaido.jp
3871,iwanuma.miyagi.jp
3872,jan-mayen.no
3873,jeep
3874,jlc
3875,jpmorgan
3876,kakegawa.shizuoka.jp
3877,kanra.gunma.jp
3878,karatsu.saga.jp
3879,kasai.hyogo.jp
3880,kasuga.fukuoka.jp
3881,katano.osaka.jp
3882,katashina.gunma.jp
3883,kembuchi.hokkaido.jp
3884,kihoku.ehime.jp
3885,kisarazu.chiba.jp
3886,kishiwada.osaka.jp
3887,kitahiroshima.hokkaido.jp
3888,kitamoto.saitama.jp
3889,knightpoint.systems
3890,kochi.kochi.jp
3891,kodaira.tokyo.jp
3892,kongsvinger.no
3893,koto.tokyo.jp
3894,kounosu.saitama.jp
3895,kouzushima.tokyo.jp
3896,krasnodar.su
3897,kurobe.toyama.jp
3898,ladbrokes
3899,lamborghini
3900,lancaster
3901,lib.nd.us
3902,lipsy
3903,loft
3904,lorenskog.no
3905,maibara.shiga.jp
3906,matsubara.osaka.jp
3907,mibu.tochigi.jp
3908,micro
3909,midori.gunma.jp
3910,mil.gh
3911,mil.qa
3912,minamiuonuma.niigata.jp
3913,minano.saitama.jp
3914,mitaka.tokyo.jp
3915,moroyama.saitama.jp
3916,ms.leg.br
3917,murmansk.su
3918,musashino.tokyo.jp
3919,mypep.link
3920,mysecuritycamera.org
3921,nadex
3922,nakamura.kochi.jp
3923,narashino.chiba.jp
3924,net.bt
3925,net.lv
3926,net.sc
3927,nfl
3928,niimi.okayama.jp
3929,nissan
3930,nobeoka.miyazaki.jp
3931,nom.pe
3932,nom.pl
3933,nomi.ishikawa.jp
3934,noshiro.akita.jp
3935,nov.su
3936,nt.au
3937,oga.akita.jp
3938,okayama.okayama.jp
3939,oketo.hokkaido.jp
3940,olbia-tempio.it
3941,ome.tokyo.jp
3942,omihachiman.shiga.jp
3943,ono.fukui.jp
3944,or.ci
3945,ora.gunma.jp
3946,org.iq
3947,org.mg
3948,org.ml
3949,org.vu
3950,oumu.hokkaido.jp
3951,pagefrontapp.com
3952,panasonic
3953,pb.leg.br
3954,pimienta.org
3955,pioneer
3956,pro.ec
3957,progressive
3958,prudential
3959,railway.museum
3960,realm.cz
3961,reggiocalabria.it
3962,remotewd.com
3963,rj.leg.br
3964,sanofi
3965,saotome.st
3966,sc.tz
3967,seat
3968,shimada.shizuoka.jp
3969,shimosuwa.nagano.jp
3970,shizukuishi.iwate.jp
3971,showa.gunma.jp
3972,shunan.yamaguchi.jp
3973,spiegel
3974,statefarm
3975,suli.hu
3976,sumoto.hyogo.jp
3977,sunagawa.hokkaido.jp
3978,suzuka.mie.jp
3979,syno-ds.de
3980,tamba.hyogo.jp
3981,targi.pl
3982,tarui.gifu.jp
3983,thd
3984,tjx
3985,tobetsu.hokkaido.jp
3986,togliatti.su
3987,tonami.toyama.jp
3988,toray
3989,tozsde.hu
3990,trv
3991,tsubetsu.hokkaido.jp
3992,tsugaru.aomori.jp
3993,tsuru.yamanashi.jp
3994,tunes
3995,tunk.org
3996,uk.eu.org
3997,uryu.hokkaido.jp
3998,ushiku.ibaraki.jp
3999,vista
4000,viva
4001,w.se
4002,wakayama.wakayama.jp
4003,wakkanai.hokkaido.jp
4004,warman
4005,washingtondc.museum
4006,web.co
4007,winb.gov.pl
4008,witd.gov.pl
4009,www.ro
4010,xn--55qw42g
4011,xn--bck1b9a5dre4c
4012,xn--e1a4c
4013,xn--fct429k
4014,xn--jvr189m
4015,xn--kprw13d
4016,xn--rovu88b
4017,xn--w4r85el8fhu5dnra
4018,xn--wgbl6a
4019,xn--ygbi2ammx
4020,yoro.gifu.jp
4021,yoshikawa.saitama.jp
4022,z.se
4023,zara
4024,able
4025,abudhabi
4026,adachi.tokyo.jp
4027,aeg
4028,aguni.okinawa.jp
4029,ah.no
4030,aigo
4031,akabira.hokkaido.jp
4032,alstom
4033,am.leg.br
4034,amakusa.kumamoto.jp
4035,anan.nagano.jp
4036,aramco
4037,arao.kumamoto.jp
4038,arita.saga.jp
4039,arkhangelsk.su
4040,asahi.chiba.jp
4041,asahi.yamagata.jp
4042,ashibetsu.hokkaido.jp
4043,assisi.museum
4044,asso.dz
4045,at.eu.org
4046,au.eu.org
4047,ayase.kanagawa.jp
4048,azerbaijan.su
4049,b.se
4050,balashov.su
4051,beats
4052,beppu.oita.jp
4053,bergen.no
4054,boehringer
4055,boots
4056,bukhara.su
4057,bungotakada.oita.jp
4058,catholic
4059,cbg.ru
4060,cc.la.us
4061,cherkasy.ua
4062,chihayaakasaka.osaka.jp
4063,chikuhoku.nagano.jp
4064,chirurgiens-dentistes-en-france.fr
4065,chonan.chiba.jp
4066,city.hu
4067,clinique
4068,co.tj
4069,com.ci
4070,com.dm
4071,com.mw
4072,com.pf
4073,com.sn
4074,compare
4075,compute.estate
4076,daisen.akita.jp
4077,dds
4078,deal
4079,discover
4080,dnsupdater.de
4081,dtv
4082,dynamic-dns.info
4083,dyndns1.de
4084,ed.ci
4085,edu.ms
4086,ena.gifu.jp
4087,ens.tn
4088,est-a-la-masion.com
4089,est-mon-blogueur.com
4090,esurance
4091,exit
4092,firewall-gateway.net
4093,flir
4094,for-some.biz
4095,friuliveneziagiulia.it
4096,from-in.com
4097,from-mn.com
4098,from-ri.com
4099,fuefuki.yamanashi.jp
4100,fur
4101,furudono.fukushima.jp
4102,futaba.fukushima.jp
4103,games.hu
4104,goodyear
4105,gov.cx
4106,gov.ee
4107,gs.ah.no
4108,gs.ol.no
4109,guge
4110,hakui.ishikawa.jp
4111,hamamatsu.shizuoka.jp
4112,hashimoto.wakayama.jp
4113,hatsukaichi.hiroshima.jp
4114,haugesund.no
4115,helsinki
4116,hida.gifu.jp
4117,hidaka.hokkaido.jp
4118,higashimatsushima.miyagi.jp
4119,higashiomi.shiga.jp
4120,hikone.shiga.jp
4121,hirado.nagasaki.jp
4122,hiranai.aomori.jp
4123,historichouses.museum
4124,hita.oita.jp
4125,hm.no
4126,hole.no
4127,homesecuritypc.com
4128,htc
4129,ibaraki.osaka.jp
4130,icbc
4131,ichikai.tochigi.jp
4132,ieee
4133,ifm
4134,iide.yamagata.jp
4135,ikawa.akita.jp
4136,in-the-band.net
4137,inagawa.hyogo.jp
4138,inagi.tokyo.jp
4139,info.na
4140,info.ni
4141,info.tt
4142,ingatlan.hu
4143,ino.kochi.jp
4144,int.vn
4145,is-a-anarchist.com
4146,is-a-candidate.org
4147,is-a-celticsfan.org
4148,is-a-cpa.com
4149,is-a-cubicle-slave.com
4150,is-a-democrat.com
4151,is-a-green.com
4152,is-a-liberal.com
4153,is-a-linux-user.org
4154,is-a-llama.com
4155,isa-hockeynut.com
4156,isen.kagoshima.jp
4157,issmarterthanyou.com
4158,itoigawa.niigata.jp
4159,its.me
4160,ivanovo.su
4161,iveco
4162,iwata.shizuoka.jp
4163,izumi.osaka.jp
4164,izumizaki.fukushima.jp
4165,izumozaki.niigata.jp
4166,jaguar
4167,jot
4168,kahoku.ishikawa.jp
4169,kaluga.su
4170,kamigori.hyogo.jp
4171,kamisu.ibaraki.jp
4172,kamisunagawa.hokkaido.jp
4173,kanegasaki.iwate.jp
4174,kanna.gunma.jp
4175,karelia.su
4176,kasama.ibaraki.jp
4177,katagami.akita.jp
4178,kawaguchi.saitama.jp
4179,kawakami.nagano.jp
4180,kawakami.nara.jp
4181,kawanishi.hyogo.jp
4182,kerryhotels
4183,kirovograd.ua
4184,kita.tokyo.jp
4185,kokubunji.tokyo.jp
4186,komaki.aichi.jp
4187,komono.mie.jp
4188,koshigaya.saitama.jp
4189,koshu.yamanashi.jp
4190,kota.aichi.jp
4191,kppsp.gov.pl
4192,kumejima.okinawa.jp
4193,kunimi.fukushima.jp
4194,kure.hiroshima.jp
4195,kvinnherad.no
4196,kyotango.kyoto.jp
4197,landrover
4198,lasalle
4199,lexus
4200,lilly
4201,lincoln
4202,locker
4203,locus
4204,lotte
4205,lt.ua
4206,lundbeck
4207,lyngdal.no
4208,maniwa.okayama.jp
4209,marumori.miyagi.jp
4210,massa-carrara.it
4211,matsuzaki.shizuoka.jp
4212,meldal.no
4213,meo
4214,minamiawaji.hyogo.jp
4215,minokamo.gifu.jp
4216,mitane.akita.jp
4217,mitsubishi
4218,miyazaki.miyazaki.jp
4219,miyazu.kyoto.jp
4220,moriya.ibaraki.jp
4221,motobu.okinawa.jp
4222,mtr
4223,munakata.fukuoka.jp
4224,my-vigor.de
4225,mysecuritycamera.net
4226,nagato.yamaguchi.jp
4227,nakagawa.fukuoka.jp
4228,nakai.kanagawa.jp
4229,nakasatsunai.hokkaido.jp
4230,nalchik.ru
4231,name.qa
4232,nanae.hokkaido.jp
4233,nanjo.okinawa.jp
4234,nanporo.hokkaido.jp
4235,nanto.toyama.jp
4236,navigation.aero
4237,ne.tz
4238,nemuro.hokkaido.jp
4239,net.ac
4240,net.ag
4241,net.al
4242,net.gg
4243,net.hn
4244,net.ky
4245,net.nf
4246,net.sd
4247,net.vu
4248,netbank
4249,news.hu
4250,nextdirect
4251,ninohe.iwate.jp
4252,nishihara.okinawa.jp
4253,nishio.aichi.jp
4254,nissay
4255,nt.no
4256,nt.ro
4257,obninsk.su
4258,odate.akita.jp
4259,oguchi.aichi.jp
4260,ohi.fukui.jp
4261,olayangroup
4262,olbiatempio.it
4263,omachi.nagano.jp
4264,onojo.fukuoka.jp
4265,onomichi.hiroshima.jp
4266,org.ht
4267,org.sl
4268,org.sn
4269,oshima.tokyo.jp
4270,ozora.hokkaido.jp
4271,per.la
4272,pohl
4273,priv.hu
4274,pru
4275,psp.gov.pl
4276,psse.gov.pl
4277,pvt.k12.ma.us
4278,qld.au
4279,qvc
4280,realty
4281,rebun.hokkaido.jp
4282,rivne.ua
4283,rl.no
4284,ryugasaki.ibaraki.jp
4285,sagae.yamagata.jp
4286,sakaki.nagano.jp
4287,sakura.chiba.jp
4288,samsclub
4289,sanuki.kagawa.jp
4290,sardinia.it
4291,sayama.saitama.jp
4292,sch.zm
4293,schaeffler
4294,seiro.niigata.jp
4295,sells-for-less.com
4296,semboku.akita.jp
4297,sera.hiroshima.jp
4298,servesarcasm.com
4299,shangrila
4300,shiiba.miyazaki.jp
4301,shikabe.hokkaido.jp
4302,shiojiri.nagano.jp
4303,shirakawa.fukushima.jp
4304,shobara.hiroshima.jp
4305,si.eu.org
4306,skjak.no
4307,sncf
4308,sochi.su
4309,soma.fukushima.jp
4310,statoil
4311,stavanger.no
4312,stcgroup
4313,sumita.iwate.jp
4314,suzu.ishikawa.jp
4315,tachikawa.tokyo.jp
4316,taifun-dns.de
4317,takamori.nagano.jp
4318,takashima.shiga.jp
4319,takayama.gifu.jp
4320,takayama.gunma.jp
4321,takikawa.hokkaido.jp
4322,takinoue.hokkaido.jp
4323,taobao
4324,tendo.yamagata.jp
4325,teva
4326,tm.ro
4327,tm.za
4328,toba.mie.jp
4329,tokai.aichi.jp
4330,tokamachi.niigata.jp
4331,tokorozawa.saitama.jp
4332,tomakomai.hokkaido.jp
4333,tomari.hokkaido.jp
4334,tono.iwate.jp
4335,tosashimizu.kochi.jp
4336,toshima.tokyo.jp
4337,tourism.pl
4338,tourism.tn
4339,tsubame.niigata.jp
4340,uji.kyoto.jp
4341,ukiha.fukuoka.jp
4342,unusualperson.com
4343,uonuma.niigata.jp
4344,urasoe.okinawa.jp
4345,usuki.oita.jp
4346,verisign
4347,vibovalentia.it
4348,viking.museum
4349,warabi.saitama.jp
4350,wazuka.kyoto.jp
4351,weatherchannel
4352,weibo
4353,wiih.gov.pl
4354,winners
4355,xfinity
4356,xn--5su34j936bgsg
4357,xn--9dbq2a
4358,xn--cg4bki
4359,xn--fiqz9s
4360,xn--fzc2c9e2c
4361,xn--j1aef
4362,xn--mgba3a4f16a
4363,xn--mgbc0a9azcg
4364,xn--mgberp4a5d4ar
4365,xn--pgbs0dh
4366,xn--wgbh1c
4367,xn--xkc2al3hye2a
4368,yamagata.yamagata.jp
4369,yamanouchi.nagano.jp
4370,yonezawa.yamagata.jp
4371,yoshimi.saitama.jp
4372,yugawara.kanagawa.jp
4373,yukuhashi.fukuoka.jp
4374,zentsuji.kagawa.jp
4375,zippo
4376,2.bg
4377,5.bg
4378,aa.no
4379,abbvie
4380,ac.pr
4381,adac
4382,afamilycompany
4383,afjord.no
4384,ainan.ehime.jp
4385,aip.ee
4386,aisho.shiga.jp
4387,aizumi.tokushima.jp
4388,akashi.hyogo.jp
4389,akiruno.tokyo.jp
4390,akune.kagoshima.jp
4391,allfinanz
4392,alpha-myqnapcloud.com
4393,alvdal.no
4394,amami.kagoshima.jp
4395,anamizu.ishikawa.jp
4396,annaka.gunma.jp
4397,anquan
4398,anthropology.museum
4399,aogashima.tokyo.jp
4400,arts.ve
4401,asago.hyogo.jp
4402,asahi.nagano.jp
4403,ascoli-piceno.it
4404,asda
4405,ashoro.hokkaido.jp
4406,asker.no
4407,askim.no
4408,aso.kumamoto.jp
4409,asso.gp
4410,asso.nc
4411,association.aero
4412,auspost
4413,author
4414,aviation.museum
4415,avoues.fr
4416,bahn.museum
4417,bananarepublic
4418,bando.ibaraki.jp
4419,bas.it
4420,baseball
4421,basketball
4422,bauhaus
4423,bcg
4424,bd.se
4425,be.eu.org
4426,belau.pw
4427,berg.no
4428,bern.museum
4429,bibai.hokkaido.jp
4430,bifuka.hokkaido.jp
4431,biratori.hokkaido.jp
4432,biz.at
4433,biz.az
4434,blogspot.bj
4435,blogspot.cv
4436,blogspot.mr
4437,blogspot.vn
4438,bryansk.su
4439,bu.no
4440,bugatti
4441,bv.nl
4442,ca.na
4443,cartier
4444,casino.hu
4445,cbre
4446,cc.na
4447,cc.ne.us
4448,ce.leg.br
4449,certmgr.org
4450,chernigov.ua
4451,chigasaki.kanagawa.jp
4452,chikuma.nagano.jp
4453,chiryu.aichi.jp
4454,chiyoda.gunma.jp
4455,chosei.chiba.jp
4456,chungbuk.kr
4457,chungnam.kr
4458,chuo.fukuoka.jp
4459,chuo.tokyo.jp
4460,cipriani
4461,circle
4462,cloudns.biz
4463,cloudns.in
4464,cloudns.info
4465,cng.br
4466,co.gl
4467,co.lc
4468,co.mg
4469,com.km
4470,commbank
4471,cpa.pro
4472,cryptonomic.net
4473,cultural.museum
4474,cyou
4475,dagestan.ru
4476,daigo.ibaraki.jp
4477,dallas.museum
4478,date.fukushima.jp
4479,dish
4480,dray-dns.de
4481,drud.io
4482,dubai
4483,dyndns.ddnss.de
4484,e4.cz
4485,ebina.kanagawa.jp
4486,ebiz.tw
4487,ed.pw
4488,edu.ac
4489,edu.kp
4490,edu.lr
4491,edu.nr
4492,elasticbeanstalk.cn-north-1.amazonaws.com.cn
4493,elverum.no
4494,embetsu.hokkaido.jp
4495,erni
4496,est.pr
4497,etajima.hiroshima.jp
4498,exeter.museum
4499,f.se
4500,fairwinds
4501,fauske.no
4502,finearts.museum
4503,fjell.no
4504,flekkefjord.no
4505,foodnetwork
4506,from-ma.com
4507,from-nm.com
4508,fujieda.shizuoka.jp
4509,fujiidera.osaka.jp
4510,fujimi.saitama.jp
4511,fujioka.gunma.jp
4512,fujisato.akita.jp
4513,fujitsu
4514,fukagawa.hokkaido.jp
4515,fukaya.saitama.jp
4516,furano.hokkaido.jp
4517,fussa.tokyo.jp
4518,g.bg
4519,g.se
4520,gallo
4521,gallup
4522,gjesdal.no
4523,go.pw
4524,gobo.wakayama.jp
4525,goldpoint
4526,gonohe.aomori.jp
4527,goodhands
4528,gopher
4529,gose.nara.jp
4530,gotemba.shizuoka.jp
4531,grocery
4532,grozny.ru
4533,gs.bu.no
4534,gs.mr.no
4535,gs.rl.no
4536,gs.tr.no
4537,gs.vf.no
4538,gucci
4539,h.bg
4540,h.se
4541,habikino.osaka.jp
4542,haebaru.okinawa.jp
4543,hakusan.ishikawa.jp
4544,hamatonbetsu.hokkaido.jp
4545,hammerfest.no
4546,hara.nagano.jp
4547,hasuda.saitama.jp
4548,hatoyama.saitama.jp
4549,higashiizu.shizuoka.jp
4550,higashikagura.hokkaido.jp
4551,higashikawa.hokkaido.jp
4552,higashimurayama.tokyo.jp
4553,higashinaruse.akita.jp
4554,higashiyamato.tokyo.jp
4555,hiraizumi.iwate.jp
4556,hirogawa.wakayama.jp
4557,hirono.fukushima.jp
4558,historical.museum
4559,hitachinaka.ibaraki.jp
4560,hitra.no
4561,homesecuritymac.com
4562,honbetsu.hokkaido.jp
4563,horonobe.hokkaido.jp
4564,horten.no
4565,hoylandet.no
4566,hyatt
4567,i.se
4568,ibaraki.ibaraki.jp
4569,ichikawa.hyogo.jp
4570,ichinohe.iwate.jp
4571,ichinoseki.iwate.jp
4572,id.ly
4573,ikata.ehime.jp
4574,ikeda.gifu.jp
4575,imakane.hokkaido.jp
4576,in.na
4577,inawashiro.fukushima.jp
4578,inc.hk
4579,inf.mk
4580,infiniti
4581,info.ki
4582,info.la
4583,info.sd
4584,info.tz
4585,int.co
4586,int.eu.org
4587,int.ve
4588,is-a-bookkeeper.com
4589,is-a-bruinsfan.org
4590,is-a-caterer.com
4591,is-a-conservative.com
4592,is-a-nascarfan.com
4593,is-a-student.com
4594,is-a-therapist.com
4595,is-an-actress.com
4596,is-an-anarchist.com
4597,is-an-entertainer.com
4598,isa.kagoshima.jp
4599,ise.mie.jp
4600,ismaili
4601,itakura.gunma.jp
4602,itano.tokushima.jp
4603,itayanagi.aomori.jp
4604,iwakura.aichi.jp
4605,iwc
4606,izena.okinawa.jp
4607,izumo.shimane.jp
4608,jeonbuk.kr
4609,jogasz.hu
4610,joyo.kyoto.jp
4611,jprs
4612,k12.vi.us
4613,kadoma.osaka.jp
4614,kahoku.yamagata.jp
4615,kaizuka.osaka.jp
4616,kamaishi.iwate.jp
4617,kameyama.mie.jp
4618,kami.miyagi.jp
4619,kamiamakusa.kumamoto.jp
4620,kaminoyama.yamagata.jp
4621,kamishihoro.hokkaido.jp
4622,kamogawa.chiba.jp
4623,karacol.su
4624,kariwa.niigata.jp
4625,kasamatsu.gifu.jp
4626,kashima.ibaraki.jp
4627,kashiwa.chiba.jp
4628,kasumigaura.ibaraki.jp
4629,katsuragi.wakayama.jp
4630,kawachinagano.osaka.jp
4631,kawai.nara.jp
4632,kawanishi.yamagata.jp
4633,kawatana.nagasaki.jp
4634,kawazu.shizuoka.jp
4635,kazuno.akita.jp
4636,kerrylogistics
4637,kfh
4638,kimobetsu.hokkaido.jp
4639,kindle
4640,kiryu.gunma.jp
4641,kitaaiki.nagano.jp
4642,kitadaito.okinawa.jp
4643,kitakami.iwate.jp
4644,kitakyushu.jp
4645,kitami.hokkaido.jp
4646,kitashiobara.fukushima.jp
4647,kmpsp.gov.pl
4648,koga.ibaraki.jp
4649,koganei.tokyo.jp
4650,koge.tottori.jp
4651,koka.shiga.jp
4652,komae.tokyo.jp
4653,komatsu.ishikawa.jp
4654,kommunalforbund.se
4655,kosaka.akita.jp
4656,kristiansund.no
4657,kunisaki.oita.jp
4658,kunitachi.tokyo.jp
4659,kushiro.hokkaido.jp
4660,l.se
4661,lakas.hu
4662,larvik.no
4663,laz.it
4664,lenvik.no
4665,levanger.no
4666,lib.ee
4667,lib.nm.us
4668,lib.ri.us
4669,lib.sd.us
4670,lib.tn.us
4671,lifeinsurance
4672,lifestyle
4673,lillehammer.no
4674,lplfinancial
4675,ltd.cy
4676,lund.no
4677,lv.ua
4678,maebashi.gunma.jp
4679,maintenance.aero
4680,makinohara.shizuoka.jp
4681,makurazaki.kagoshima.jp
4682,marugame.kagawa.jp
4683,masaki.ehime.jp
4684,maserati
4685,matsushima.miyagi.jp
4686,mckinsey
4687,mein-vigor.de
4688,meiwa.gunma.jp
4689,memorial.museum
4690,mihara.hiroshima.jp
4691,miharu.fukushima.jp
4692,mikasa.hokkaido.jp
4693,mil.ge
4694,mil.sy
4695,mil.tw
4696,mima.tokushima.jp
4697,mimata.miyazaki.jp
4698,minakami.gunma.jp
4699,minami.kyoto.jp
4700,minamiashigara.kanagawa.jp
4701,minamiboso.chiba.jp
4702,minamiise.mie.jp
4703,minamiizu.shizuoka.jp
4704,minowa.nagano.jp
4705,mitake.gifu.jp
4706,mobily
4707,monzabrianza.it
4708,mopar
4709,mordovia.ru
4710,morimachi.shizuoka.jp
4711,morotsuka.miyazaki.jp
4712,moseushi.hokkaido.jp
4713,moss.no
4714,motoyama.kochi.jp
4715,murata.miyagi.jp
4716,muroto.kochi.jp
4717,music.museum
4718,mutual
4719,mycd.eu
4720,mytis.ru
4721,nagai.yamagata.jp
4722,nagara.chiba.jp
4723,naie.hokkaido.jp
4724,nakagawa.hokkaido.jp
4725,nara.nara.jp
4726,national.museum
4727,natori.miyagi.jp
4728,naturbruksgymn.se
4729,nature.museum
4730,natuurwetenschappen.museum
4731,net.af
4732,net.bb
4733,net.gp
4734,net.lk
4735,net.lr
4736,net.st
4737,newholland
4738,ngo.ph
4739,nid.io
4740,niihama.ehime.jp
4741,niki.hokkaido.jp
4742,nirasaki.yamanashi.jp
4743,nishiawakura.okayama.jp
4744,nishinoomote.kagoshima.jp
4745,niyodogawa.kochi.jp
4746,noda.chiba.jp
4747,nogata.fukuoka.jp
4748,noheji.aomori.jp
4749,notodden.no
4750,notteroy.no
4751,numata.gunma.jp
4752,ogaki.gifu.jp
4753,ogasawara.tokyo.jp
4754,ogawara.miyagi.jp
4755,ogimi.okinawa.jp
4756,ogose.saitama.jp
4757,oguni.yamagata.jp
4758,ohda.shimane.jp
4759,ohtawara.tochigi.jp
4760,oita.oita.jp
4761,okazaki.aichi.jp
4762,okinawa.okinawa.jp
4763,okinoshima.shimane.jp
4764,oldnavy
4765,omachi.saga.jp
4766,omura.nagasaki.jp
4767,omuta.fukuoka.jp
4768,onagawa.miyagi.jp
4769,onna.okinawa.jp
4770,ono.hyogo.jp
4771,operaunite.com
4772,or.na
4773,or.pw
4774,org.ag
4775,org.bi
4776,org.dm
4777,org.km
4778,org.mu
4779,org.sc
4780,org.sh
4781,org.to
4782,orkdal.no
4783,os.hedmark.no
4784,os.hordaland.no
4785,osaki.miyagi.jp
4786,oshino.yamanashi.jp
4787,otaki.nagano.jp
4788,otaru.hokkaido.jp
4789,oto.fukuoka.jp
4790,otsuchi.iwate.jp
4791,oy.lc
4792,oyama.tochigi.jp
4793,oyamazaki.kyoto.jp
4794,ozu.ehime.jp
4795,p.se
4796,parliament.cy
4797,penza.su
4798,pfizer
4799,phd
4800,piw.gov.pl
4801,press.cy
4802,pro.cy
4803,pt.eu.org
4804,ptplus.fit
4805,pug.it
4806,pup.gov.pl
4807,pyatigorsk.ru
4808,rackmaze.com
4809,rakkestad.no
4810,rana.no
4811,ranzan.saitama.jp
4812,realestate
4813,realestate.pl
4814,reggioemilia.it
4815,rightathome
4816,rikubetsu.hokkaido.jp
4817,rikuzentakata.iwate.jp
4818,rishiri.hokkaido.jp
4819,ritto.shiga.jp
4820,rocher
4821,roros.no
4822,russia.museum
4823,rygge.no
4824,safety
4825,saijo.ehime.jp
4826,sakae.chiba.jp
4827,sakai.ibaraki.jp
4828,sakata.yamagata.jp
4829,saku.nagano.jp
4830,samegawa.fukushima.jp
4831,sandvikcoromant
4832,sango.nara.jp
4833,sannohe.aomori.jp
4834,saroma.hokkaido.jp
4835,sasayama.hyogo.jp
4836,satosho.okayama.jp
4837,satte.saitama.jp
4838,sayo.hyogo.jp
4839,sch.ly
4840,school.na
4841,scor
4842,scotland.museum
4843,sdn.gov.pl
4844,se.leg.br
4845,sec.ps
4846,seiyo.ehime.jp
4847,selje.no
4848,sellsyourhome.org
4849,settsu.osaka.jp
4850,shibukawa.gunma.jp
4851,shichikashuku.miyagi.jp
4852,shikaoi.hokkaido.jp
4853,shikokuchuo.ehime.jp
4854,shima.mie.jp
4855,shimamaki.hokkaido.jp
4856,shimokawa.hokkaido.jp
4857,shingu.fukuoka.jp
4858,shingu.wakayama.jp
4859,shinjuku.tokyo.jp
4860,shinkamigoto.nagasaki.jp
4861,shinonsen.hyogo.jp
4862,shinshinotsu.hokkaido.jp
4863,shinshiro.aichi.jp
4864,shirako.chiba.jp
4865,shiraoi.hokkaido.jp
4866,shirataka.yamagata.jp
4867,shiriuchi.hokkaido.jp
4868,shiroishi.miyagi.jp
4869,shisui.chiba.jp
4870,shiwa.iwate.jp
4871,shizuoka.shizuoka.jp
4872,sigdal.no
4873,silk
4874,sirdal.no
4875,sites.static.land
4876,skedsmo.no
4877,ski.no
4878,skien.no
4879,sko.gov.pl
4880,sling
4881,soja.okayama.jp
4882,soni.nara.jp
4883,soo.kagoshima.jp
4884,stadt.museum
4885,static-access.net
4886,static.land
4887,stockholm
4888,stord.no
4889,sue.fukuoka.jp
4890,sugito.saitama.jp
4891,sukagawa.fukushima.jp
4892,svalbard.no
4893,swiftcover
4894,synology-ds.de
4895,tadaoka.osaka.jp
4896,tagami.niigata.jp
4897,taiki.mie.jp
4898,tainai.niigata.jp
4899,taito.tokyo.jp
4900,tajimi.gifu.jp
4901,takahashi.okayama.jp
4902,takatsuki.shiga.jp
4903,takayama.nagano.jp
4904,taketomi.okinawa.jp
4905,tamakawa.fukushima.jp
4906,tanohata.iwate.jp
4907,tatebayashi.gunma.jp
4908,tateshina.nagano.jp
4909,tateyama.chiba.jp
4910,tatsuno.nagano.jp
4911,tdk
4912,telecity
4913,tiaa
4914,time.no
4915,tjmaxx
4916,tm.no
4917,tm.se
4918,tochigi.tochigi.jp
4919,togo.aichi.jp
4920,toho.fukuoka.jp
4921,tokai.ibaraki.jp
4922,tokke.no
4923,tokushima.tokushima.jp
4924,tomi.nagano.jp
4925,tomiya.miyagi.jp
4926,toon.ehime.jp
4927,tos.it
4928,toyako.hokkaido.jp
4929,toyama.toyama.jp
4930,tozawa.yamagata.jp
4931,trana.no
4932,travelers
4933,trentino-a-adige.it
4934,trentinoaltoadige.it
4935,tselinograd.su
4936,tsuruga.fukui.jp
4937,tsuruoka.yamagata.jp
4938,tsuyama.okayama.jp
4939,tui
4940,tushu
4941,u.se
4942,uchinada.ishikawa.jp
4943,ujiie.tochigi.jp
4944,uki.kumamoto.jp
4945,university.museum
4946,uozu.toyama.jp
4947,upow.gov.pl
4948,urn.arpa
4949,utazu.kagawa.jp
4950,uto.kumamoto.jp
4951,uzs.gov.pl
4952,va.no
4953,vana
4954,vang.no
4955,vega.no
4956,vf.no
4957,vi.us
4958,viking
4959,vladikavkaz.ru
4960,volkswagen
4961,vologda.su
4962,vuelos
4963,wajima.ishikawa.jp
4964,wake.okayama.jp
4965,watari.miyagi.jp
4966,watches
4967,wellbeingzone.eu
4968,wolterskluwer
4969,wtc
4970,xn--1lqs71d.jp
4971,xn--30rr7y
4972,xn--3oq18vl8pn36a
4973,xn--42c2d9a
4974,xn--55qx5d.hk
4975,xn--80aqecdr1a
4976,xn--c1avg.xn--90a3ac
4977,xn--d1alf
4978,xn--efvy88h
4979,xn--fhbei
4980,xn--gk3at1e
4981,xn--mgba3a4f16a.ir
4982,xn--vermgensberater-ctb
4983,xn--w4rs40l
4984,yabuki.fukushima.jp
4985,yahiko.niigata.jp
4986,yaita.tochigi.jp
4987,yakage.okayama.jp
4988,yamakita.kanagawa.jp
4989,yamamoto.miyagi.jp
4990,yamanakako.yamanashi.jp
4991,yamanashi.yamanashi.jp
4992,yame.fukuoka.jp
4993,yanagawa.fukuoka.jp
4994,yasuda.kochi.jp
4995,yasuoka.nagano.jp
4996,yawata.kyoto.jp
4997,ybo.review
4998,ybo.science
4999,yodobashi
5000,yoichi.hokkaido.jp
5001,yoka.hyogo.jp
5002,yokoshibahikari.chiba.jp
5003,yono.saitama.jp
5004,yoshino.nara.jp
5005,yufu.oita.jp
5006,yuki.ibaraki.jp
5007,yusui.kagoshima.jp
5008,zama.kanagawa.jp
5009,zlg.br
5010,zp.gov.pl
